<?xml version="1.0" encoding="UTF-8" ?>
<!-- 
IMPORTANT
This copy of the solr schema is only used in the context of testing hydra-head.  If you want to make changes available to individual hydra heads, you must apply them to the template in lib/generators/hydra/templates/solr_config
-->
<schema name="Hydra" version="1.1">
  <!-- For complete comments from the Solr project example schema.xml:
      http://svn.apache.org/viewvc/lucene/dev/trunk/solr/example/solr/conf/schema.xml?view=markup
    See also:  
      http://wiki.apache.org/solr/SchemaXml
  -->
  <types>
    <fieldType name="string" class="solr.StrField" sortMissingLast="true" omitNorms="true"/>
    <fieldType name="boolean" class="solr.BoolField" sortMissingLast="true" omitNorms="true"/>
    <fieldType name="integer" class="solr.IntField" omitNorms="true"/>
    <fieldType name="long" class="solr.LongField" omitNorms="true"/>
    <fieldType name="float" class="solr.FloatField" omitNorms="true"/>
    <fieldType name="double" class="solr.DoubleField" omitNorms="true"/>
    <fieldType name="sint" class="solr.SortableIntField" sortMissingLast="true" omitNorms="true"/>
    <fieldType name="slong" class="solr.SortableLongField" sortMissingLast="true" omitNorms="true"/>
    <fieldType name="sfloat" class="solr.SortableFloatField" sortMissingLast="true" omitNorms="true"/>
    <fieldType name="sdouble" class="solr.SortableDoubleField" sortMissingLast="true" omitNorms="true"/>
    <fieldType name="date" class="solr.DateField" sortMissingLast="true" omitNorms="true"/>
    <fieldType name="random" class="solr.RandomSortField" indexed="true" />
    
    <fieldType name="text_ws" class="solr.TextField" positionIncrementGap="100">
      <analyzer>
        <tokenizer class="solr.WhitespaceTokenizerFactory"/>
      </analyzer>
    </fieldType>

    <fieldType name="text" class="solr.TextField" positionIncrementGap="100">
      <analyzer type="index">
        <tokenizer class="solr.WhitespaceTokenizerFactory"/>
        <filter class="solr.StopFilterFactory"
                ignoreCase="true"
                words="stopwords.txt"
                enablePositionIncrements="true"
                />
        <filter class="solr.WordDelimiterFilterFactory" generateWordParts="1" generateNumberParts="1" catenateWords="1" catenateNumbers="1" catenateAll="0" splitOnCaseChange="1"/>
        <filter class="solr.LowerCaseFilterFactory"/>
        <filter class="solr.EnglishPorterFilterFactory" protected="protwords.txt"/>
        <filter class="solr.RemoveDuplicatesTokenFilterFactory"/>
      </analyzer>
      <analyzer type="query">
        <tokenizer class="solr.WhitespaceTokenizerFactory"/>
        <filter class="solr.SynonymFilterFactory" synonyms="synonyms.txt" ignoreCase="true" expand="true"/>
        <filter class="solr.StopFilterFactory" ignoreCase="true" words="stopwords.txt"/>
        <filter class="solr.WordDelimiterFilterFactory" generateWordParts="1" generateNumberParts="1" catenateWords="0" catenateNumbers="0" catenateAll="0" splitOnCaseChange="1"/>
        <filter class="solr.LowerCaseFilterFactory"/>
        <filter class="solr.EnglishPorterFilterFactory" protected="protwords.txt"/>
        <filter class="solr.RemoveDuplicatesTokenFilterFactory"/>
      </analyzer>
    </fieldType>

    <fieldType name="textTight" class="solr.TextField" positionIncrementGap="100" >
      <analyzer>
        <tokenizer class="solr.WhitespaceTokenizerFactory"/>
        <filter class="solr.SynonymFilterFactory" synonyms="synonyms.txt" ignoreCase="true" expand="false"/>
        <filter class="solr.StopFilterFactory" ignoreCase="true" words="stopwords.txt"/>
        <filter class="solr.WordDelimiterFilterFactory" generateWordParts="0" generateNumberParts="0" catenateWords="1" catenateNumbers="1" catenateAll="0"/>
        <filter class="solr.LowerCaseFilterFactory"/>
        <filter class="solr.EnglishPorterFilterFactory" protected="protwords.txt"/>
        <filter class="solr.RemoveDuplicatesTokenFilterFactory"/>
      </analyzer>
    </fieldType>

    <fieldType name="alphaOnlySort" class="solr.TextField" sortMissingLast="true" omitNorms="true">
      <analyzer>
        <tokenizer class="solr.KeywordTokenizerFactory"/>
        <filter class="solr.LowerCaseFilterFactory" />
        <filter class="solr.TrimFilterFactory" />
        <filter class="solr.PatternReplaceFilterFactory"
                pattern="([^a-z])" replacement="" replace="all"
        />
      </analyzer>
    </fieldType>

    <fieldtype name="ignored" stored="false" indexed="false" class="solr.StrField" /> 

 </types>

 <!-- For complete comments from the Solr project example schema.xml:
     http://svn.apache.org/viewvc/lucene/dev/trunk/solr/example/solr/conf/schema.xml?view=markup
   See also:  
     http://wiki.apache.org/solr/SchemaXml
 -->
 <fields>

   <field name="id" type="string" indexed="true" stored="true" required="true" />
   <field name="text" type="text" indexed="true" stored="true" multiValued="true"/>
   <field name="timestamp" type="date" indexed="true" stored="true" default="NOW" multiValued="false"/>

   <!-- format is used for facet, display, and choosing which partial to use for the show view, so it must be stored and indexed -->
   <field name="format" type="string" indexed="true" stored="true"/>
   <!-- pub_date is assumed by Blacklight's default configuration, so we must define it here to avoid errors -->
   <field name="pub_date" type="string" indexed="true" stored="true" multiValued="true"/>
   
   <dynamicField name="*_i"  type="sint"    indexed="true"  stored="true"/>
   <dynamicField name="*_s"  type="string"  indexed="true"  stored="true" multiValued="true"/>
   <dynamicField name="*_l"  type="slong"   indexed="true"  stored="true"/>
   <dynamicField name="*_t"  type="text"    indexed="true"  stored="true" multiValued="true"/>
   <dynamicField name="*_b"  type="boolean" indexed="true"  stored="true"/>
   <dynamicField name="*_f"  type="sfloat"  indexed="true"  stored="true"/>
   <dynamicField name="*_d"  type="sdouble" indexed="true"  stored="true"/>
   <dynamicField name="*_dt" type="date"    indexed="true"  stored="true"/>

   <dynamicField name="random*" type="random" />
   <!-- FIXME: Solr can't sort on a multivalued field -->
   <dynamicField name="*_sort" type="string" indexed="true" stored="false" multiValued="true"/>
   <!-- FIXME: generally, facet fields are not stored -->
   <dynamicField name="*_facet" type="string" indexed="true" stored="true" multiValued="true" />
   <dynamicField name="*_display" type="string" indexed="false" stored="true" multiValued="true" />

 </fields>

 <uniqueKey>id</uniqueKey>
 <defaultSearchField>text</defaultSearchField>
 <solrQueryParser defaultOperator="AND" />
 <copyField source="*_facet" dest="text" />
 <copyField source="*_t" dest="text" />
 <copyField source="*_s" dest="text" />

</schema>