<dc xmlns:dcterms="http://purl.org/dc/terms/" xmlns:xsi="http://www.w3.org/2001/XMLSchema-instance">
  <dcterms:type xsi:type="DCMITYPE">text</dcterms:type>
  <dcterms:medium>Paper Document</dcterms:medium>
  <dcterms:rights>Copyright © 2006 All rights reserved. Distribution for commercial purposes is prohibited.</dcterms:rights>
  <dcterms:date/>
  <dcterms:format>application/tiff</dcterms:format>
  <dcterms:format>application/jp2000</dcterms:format>
  <dcterms:format>application/pdf</dcterms:format>
  <dcterms:title>The Rise and Fall of the YouTube Empire</dcterms:title>
  <dcterms:publisher>Sample Unversity</dcterms:publisher>
</dc>