<?xml version="1.0" encoding="UTF-8"?>
<document>
 <attributes><attribute type="item">4290</attribute><attribute type="objectid">FEI0010-00011325</attribute><attribute type="title">Letter from Ellie Engelmore to Wemara Lichty</attribute><attribute type="copyright">Presumed under copyright. Do not publish.</attribute><attribute type="description"/><attribute type="date">1984-6-4</attribute><attribute type="datestr">4/6/1984</attribute><attribute type="docurl">https://www.stanford.edu/group/salt_project/SLA/Feigenbaum/eaf7000/pdf/00011325.pdf</attribute><attribute type="doctn">http://www.stanford.edu/group/salt_project/cgi-bin/SLA/Feigenbaum/eaf7000/png/small_00011325.png</attribute><attribute type="url"/><attribute type="industryterm"/><attribute type="technology">artificial intelligence</attribute><attribute type="company"/><attribute type="person">A. FEIGENBAUM</attribute><attribute type="year">1984</attribute><attribute type="organization">McAlcster Hall University</attribute><attribute type="sourcelocation">Folder 5</attribute></attributes>
 <facets><facet type="year" id="48">1980s</facet><facet type="year" id="48">1984</facet><facet type="year" id="42">1980s</facet><facet type="sourcelocation" id="578">Feigenbaum</facet><facet type="sourcelocation" id="578">eaf7000</facet><facet type="sourcelocation" id="578">Box 51</facet><facet type="sourcelocation" id="587">Feigenbaum</facet><facet type="sourcelocation" id="587">eaf7000</facet><facet type="sourcelocation" id="587">Box 51</facet><facet type="sourcelocation" id="587">Folder 5</facet><facet type="sourcelocation" id="692">Feigenbaum</facet><facet type="sourcelocation" id="692">eaf7000</facet><facet type="sourcelocation" id="691">Feigenbaum</facet><facet type="doctype" id="32">Correspondence</facet><facet type="city" id="1948">Stanford</facet><facet type="country" id="33">Columbia</facet><facet type="facility" id="2551">U. Missouri library</facet><facet type="organization" id="5065">Heuristic Programming Project</facet><facet type="organization" id="7026">McAlcster Hall University</facet><facet type="organization" id="9645">STANFORD UNIVERSITY</facet><facet type="organization" id="11964">University of Missouri</facet><facet type="organization" id="12407">Wemara Lichty Psychology Department</facet><facet type="person" id="15650">Morton Hunt</facet><facet type="person" id="37">A. FEIGENBAUM</facet><facet type="person" id="5810">ELLIE ENGELMORE</facet><facet type="provinceorstate" id="27">California</facet><facet type="provinceorstate" id="100">Missouri</facet><facet type="publishedmedium" id="44">Artificial Intelligence</facet><facet type="technology" id="1713">artificial intelligence</facet></facets>
</document>