<?xml version="1.0" encoding="UTF-8"?>
<foxml:digitalObject VERSION="1.1" PID="hydrangea:fixture_mods_dataset1"
xmlns:foxml="info:fedora/fedora-system:def/foxml#"
xmlns:xsi="http://www.w3.org/2001/XMLSchema-instance"
xsi:schemaLocation="info:fedora/fedora-system:def/foxml# http://www.fedora.info/definitions/1/0/foxml1-1.xsd">
<foxml:objectProperties>
<foxml:property NAME="info:fedora/fedora-system:def/model#state" VALUE="Active"/>
<foxml:property NAME="info:fedora/fedora-system:def/model#label" VALUE=""/>
<foxml:property NAME="info:fedora/fedora-system:def/model#ownerId" VALUE="fedoraAdmin"/>
<foxml:property NAME="info:fedora/fedora-system:def/model#createdDate" VALUE="2010-08-14T04:41:48.963Z"/>
<foxml:property NAME="info:fedora/fedora-system:def/view#lastModifiedDate" VALUE="2010-08-14T04:41:49.348Z"/>
</foxml:objectProperties>
<foxml:datastream ID="AUDIT" STATE="A" CONTROL_GROUP="X" VERSIONABLE="false">
<foxml:datastreamVersion ID="AUDIT.0" LABEL="Audit Trail for this object" CREATED="2010-08-14T04:41:48.963Z" MIMETYPE="text/xml" FORMAT_URI="info:fedora/fedora-system:format/xml.fedora.audit">
<foxml:xmlContent>
<audit:auditTrail xmlns:audit="info:fedora/fedora-system:def/audit#">
<audit:record ID="AUDREC1">
<audit:process type="Fedora API-M"/>
<audit:action>addDatastream</audit:action>
<audit:componentID>descMetadata</audit:componentID>
<audit:responsibility>fedoraAdmin</audit:responsibility>
<audit:date>2010-08-14T04:41:49.142Z</audit:date>
<audit:justification></audit:justification>
</audit:record>
<audit:record ID="AUDREC2">
<audit:process type="Fedora API-M"/>
<audit:action>addDatastream</audit:action>
<audit:componentID>RELS-EXT</audit:componentID>
<audit:responsibility>fedoraAdmin</audit:responsibility>
<audit:date>2010-08-14T04:41:49.216Z</audit:date>
<audit:justification></audit:justification>
</audit:record>
<audit:record ID="AUDREC3">
<audit:process type="Fedora API-M"/>
<audit:action>addDatastream</audit:action>
<audit:componentID>rightsMetadata</audit:componentID>
<audit:responsibility>fedoraAdmin</audit:responsibility>
<audit:date>2010-08-14T04:41:49.267Z</audit:date>
<audit:justification></audit:justification>
</audit:record>
<audit:record ID="AUDREC4">
<audit:process type="Fedora API-M"/>
<audit:action>addDatastream</audit:action>
<audit:componentID>properties</audit:componentID>
<audit:responsibility>fedoraAdmin</audit:responsibility>
<audit:date>2010-08-14T04:41:49.348Z</audit:date>
<audit:justification></audit:justification>
</audit:record>
</audit:auditTrail>
</foxml:xmlContent>
</foxml:datastreamVersion>
</foxml:datastream>
<foxml:datastream ID="DC" STATE="A" CONTROL_GROUP="X" VERSIONABLE="true">
<foxml:datastreamVersion ID="DC1.0" LABEL="Dublin Core Record for this object" CREATED="2010-08-14T04:41:48.963Z" MIMETYPE="text/xml" FORMAT_URI="http://www.openarchives.org/OAI/2.0/oai_dc/" SIZE="341">
<foxml:xmlContent>
<oai_dc:dc xmlns:oai_dc="http://www.openarchives.org/OAI/2.0/oai_dc/" xmlns:dc="http://purl.org/dc/elements/1.1/" xmlns:xsi="http://www.w3.org/2001/XMLSchema-instance" xsi:schemaLocation="http://www.openarchives.org/OAI/2.0/oai_dc/ http://www.openarchives.org/OAI/2.0/oai_dc.xsd">
  <dc:identifier>hydrangea:fixture_mods_dataset1</dc:identifier>
</oai_dc:dc>
</foxml:xmlContent>
</foxml:datastreamVersion>
</foxml:datastream>
<foxml:datastream ID="descMetadata" STATE="A" CONTROL_GROUP="X" VERSIONABLE="true">
<foxml:datastreamVersion ID="descMetadata.0" LABEL="" CREATED="2010-08-14T04:41:49.142Z" MIMETYPE="text/xml" SIZE="1462">
<foxml:xmlContent>
  <mods xmlns="http://www.loc.gov/mods/v3" xmlns:xlink="http://www.w3.org/1999/xlink" xmlns:xsi="http://www.w3.org/2001/XMLSchema-instance" version="3.3" xsi:schemaLocation="http://www.loc.gov/mods/v3 http://www.loc.gov/standards/mods/v3/mods-3-3.xsd">
    <titleInfo>
      <title>Fixture Marine Biology Dataset</title>
    </titleInfo>
    <name type="personal">
      <namePart type="given">Steve</namePart>
      <namePart type="family">Zissou</namePart>

      <affiliation>The Belafonte</affiliation>
      <role>
        <roleTerm authority="marcrelator" type="text">Research team head</roleTerm>
      </role>
    </name>
    <name type="corporate">
      <namePart>Oseary Drakoulias</namePart>

      <affiliation></affiliation>
      <role>
        <roleTerm authority="marcrelator" type="text">Funder</roleTerm>
      </role>
    </name>
    <typeOfResource>software, multimedia</typeOfResource>
    <genre authority="dct">dataset</genre>

    <language>
      <languageTerm authority="iso639-2b" type="code">eng</languageTerm>
    </language>
    <abstract>Observed deep below the sea aboard the Belafonte.</abstract>
    <subject>
      <topic>tiger shark</topic>
      <topic>luminescent</topic>
    </subject>
    <note type="completeness"></note>
    <note type="interval"></note>
    <note type="timespan-start"></note>
    <note type="timespan-end"></note>
    <note type="location"></note>
    <note type="grant"></note>
    <note type="contact-name"></note>
    <note type="contact-email"></note>
  </mods>
</foxml:xmlContent>
</foxml:datastreamVersion>
</foxml:datastream>
<foxml:datastream ID="RELS-EXT" STATE="A" CONTROL_GROUP="X" VERSIONABLE="true">
<foxml:datastreamVersion ID="RELS-EXT.0" LABEL="" CREATED="2010-08-14T04:41:49.216Z" MIMETYPE="text/xml" SIZE="292">
<foxml:xmlContent>
<rdf:RDF xmlns:rdf="http://www.w3.org/1999/02/22-rdf-syntax-ns#">
  <rdf:Description rdf:about="info:fedora/hydrangea:fixture_mods_dataset1">
    <hasModel xmlns="info:fedora/fedora-system:def/relations-external#" rdf:resource="info:fedora/afmodel:HydrangeaDataset"></hasModel>
  </rdf:Description>
</rdf:RDF>
</foxml:xmlContent>
</foxml:datastreamVersion>
</foxml:datastream>
<foxml:datastream ID="hydraDataset" STATE="A" CONTROL_GROUP="X" VERSIONABLE="true">
<foxml:datastreamVersion ID="hydraDataset.0" LABEL="" CREATED="2010-08-14T04:41:49.267Z" MIMETYPE="text/xml" SIZE="974">
<foxml:xmlContent>
  <hydraDataset xmlns="http://yourmediashelf.com/schemas/hydra-dataset/v0"> 
    <completeness></completeness> 
    <completed></completed> 
    <interval>Semi-annually</interval> 
    <data_type></data_type> 
    <timespan_start>2004/12/24</timespan_start> 
    <timespan_end>2005/03/15</timespan_end> 
    <gps>(31.95216223802497,-25.3125)</gps> 
    <region>South Pacific</region> 
    <site>The Tiger Shark&apos;s Lair</site> 
    <ecosystem>Really Deep</ecosystem> 
    <grant> 
      <organization>NSF</organization> 
      <number>099566</number> 
    </grant> 
    <right_to_deposit>I am the owner of this dataset and am authorized to deposit it</right_to_deposit> 
    <notification_email>steve@thebelafonte.org</notification_email> 
    <license></license> 
    <data_quality>These data are of the most impeccable quality. </data_quality> 
    <contact_name>Klaus Daimler</contact_name> 
    <contact_email>klaus@thebelafonte.org</contact_email> 
  </hydraDataset>
</foxml:xmlContent>
</foxml:datastreamVersion>
</foxml:datastream>
<foxml:datastream ID="rightsMetadata" STATE="A" CONTROL_GROUP="X" VERSIONABLE="true">
<foxml:datastreamVersion ID="rightsMetadata.0" LABEL="" CREATED="2010-08-14T04:41:49.267Z" MIMETYPE="text/xml" SIZE="439">
<foxml:xmlContent>
  <rightsMetadata xmlns="http://hydra-collab.stanford.edu/schemas/rightsMetadata/v1" version="0.1">
    <copyright>
      <human></human>
    </copyright>
    <access type="discover">
      <human></human>
      <machine></machine>
    </access>
    <access type="read">
      <human></human>
      <machine>
        <group>archivist</group>
        <group>public</group>
      </machine>
    </access>
    <access type="edit">
      <human></human>
      <machine>
        <person>archivist1</person>
        <group>researcher</group>
      </machine>
    </access>
  </rightsMetadata>
</foxml:xmlContent>
</foxml:datastreamVersion>
</foxml:datastream>
<foxml:datastream ID="properties" STATE="A" CONTROL_GROUP="X" VERSIONABLE="true">
<foxml:datastreamVersion ID="properties.0" LABEL="" CREATED="2010-08-14T04:41:49.348Z" MIMETYPE="text/xml" SIZE="101">
<foxml:xmlContent>
<fields>
  <collection>hydrangea_dataset</collection>
  <depositor>archivist1</depositor>
</fields>
</foxml:xmlContent>
</foxml:datastreamVersion>
</foxml:datastream>
</foxml:digitalObject>