<?xml version="1.0" encoding="UTF-8"?>
<foxml:digitalObject VERSION="1.1" PID="hydrangea:fixture_mods_article1"
xmlns:foxml="info:fedora/fedora-system:def/foxml#"
xmlns:xsi="http://www.w3.org/2001/XMLSchema-instance"
xsi:schemaLocation="info:fedora/fedora-system:def/foxml# http://www.fedora.info/definitions/1/0/foxml1-1.xsd">
<foxml:objectProperties>
<foxml:property NAME="info:fedora/fedora-system:def/model#state" VALUE="Active"/>
<foxml:property NAME="info:fedora/fedora-system:def/model#label" VALUE=""/>
<foxml:property NAME="info:fedora/fedora-system:def/model#ownerId" VALUE="fedoraAdmin"/>
<foxml:property NAME="info:fedora/fedora-system:def/model#createdDate" VALUE="2010-06-17T19:56:19.301Z"/>
<foxml:property NAME="info:fedora/fedora-system:def/view#lastModifiedDate" VALUE="2010-06-17T19:57:30.688Z"/>
</foxml:objectProperties>
<foxml:datastream ID="AUDIT" STATE="A" CONTROL_GROUP="X" VERSIONABLE="false">
<foxml:datastreamVersion ID="AUDIT.0" LABEL="Audit Trail for this object" CREATED="2010-06-17T19:56:19.301Z" MIMETYPE="text/xml" FORMAT_URI="info:fedora/fedora-system:format/xml.fedora.audit">
<foxml:xmlContent>
<audit:auditTrail xmlns:audit="info:fedora/fedora-system:def/audit#">
<audit:record ID="AUDREC1">
<audit:process type="Fedora API-M"/>
<audit:action>addDatastream</audit:action>
<audit:componentID>descMetadata</audit:componentID>
<audit:responsibility>fedoraAdmin</audit:responsibility>
<audit:date>2010-06-17T19:56:22.150Z</audit:date>
<audit:justification></audit:justification>
</audit:record>
<audit:record ID="AUDREC2">
<audit:process type="Fedora API-M"/>
<audit:action>addDatastream</audit:action>
<audit:componentID>RELS-EXT</audit:componentID>
<audit:responsibility>fedoraAdmin</audit:responsibility>
<audit:date>2010-06-17T19:56:22.353Z</audit:date>
<audit:justification></audit:justification>
</audit:record>
<audit:record ID="AUDREC3">
<audit:process type="Fedora API-M"/>
<audit:action>addDatastream</audit:action>
<audit:componentID>rightsMetadata</audit:componentID>
<audit:responsibility>fedoraAdmin</audit:responsibility>
<audit:date>2010-06-17T19:56:23.335Z</audit:date>
<audit:justification></audit:justification>
</audit:record>
<audit:record ID="AUDREC4">
<audit:process type="Fedora API-M"/>
<audit:action>addDatastream</audit:action>
<audit:componentID>properties</audit:componentID>
<audit:responsibility>fedoraAdmin</audit:responsibility>
<audit:date>2010-06-17T19:56:23.477Z</audit:date>
<audit:justification></audit:justification>
</audit:record>
<audit:record ID="AUDREC5">
<audit:process type="Fedora API-M"/>
<audit:action>modifyObject</audit:action>
<audit:componentID></audit:componentID>
<audit:responsibility>fedoraAdmin</audit:responsibility>
<audit:date>2010-06-17T19:57:30.688Z</audit:date>
<audit:justification></audit:justification>
</audit:record>
</audit:auditTrail>
</foxml:xmlContent>
</foxml:datastreamVersion>
</foxml:datastream>
<foxml:datastream ID="DC" STATE="A" CONTROL_GROUP="X" VERSIONABLE="true">
<foxml:datastreamVersion ID="DC1.0" LABEL="Dublin Core Record for this object" CREATED="2010-06-17T19:56:19.301Z" MIMETYPE="text/xml" FORMAT_URI="http://www.openarchives.org/OAI/2.0/oai_dc/" SIZE="360">
<foxml:xmlContent>
<oai_dc:dc xmlns:oai_dc="http://www.openarchives.org/OAI/2.0/oai_dc/" xmlns:dc="http://purl.org/dc/elements/1.1/" xmlns:xsi="http://www.w3.org/2001/XMLSchema-instance" xsi:schemaLocation="http://www.openarchives.org/OAI/2.0/oai_dc/ http://www.openarchives.org/OAI/2.0/oai_dc.xsd">
  <dc:identifier>hydrangea:fixture_mods_article1</dc:identifier>
</oai_dc:dc>
</foxml:xmlContent>
</foxml:datastreamVersion>
</foxml:datastream>
<foxml:datastream ID="descMetadata" STATE="A" CONTROL_GROUP="X" VERSIONABLE="true">
<foxml:datastreamVersion ID="descMetadata.0" LABEL="" CREATED="2010-06-17T19:56:22.150Z" MIMETYPE="text/xml" SIZE="19">
<foxml:xmlContent>
  <mods version="3.0" xsi:schemaLocation="http://www.loc.gov/mods/v3
   http://www.loc.gov/standards/mods/v3/mods-3-0.xsd" xmlns="http://www.loc.gov/mods/v3" xmlns:xsi="http://www.w3.org/2001/XMLSchema-instance">

      <titleInfo>
          <nonSort>THE</nonSort>
          <title>ARTICLE TITLE</title>
          <subTitle>SUBTITLE</subTitle>
      </titleInfo>
      <titleInfo type="alternative">
          <title>VARYING FORM OF TITLE</title>
      </titleInfo>

      <name type="personal">
          <namePart type="family">FAMILY NAME</namePart>
          <namePart type="given">GIVEN NAMES</namePart>
          <namePart type="termsOfAddress">DR.</namePart>
          <displayForm>NAME AS IT APPEARS</displayForm>
          <affiliation>FACULTY, UNIVERSITY</affiliation>    
          <role> 
              <roleTerm authority="marcrelator" type="text">Creator</roleTerm>
          </role>
      </name>
      <name type="personal">
          <namePart type="family">Lacks</namePart>
          <namePart type="given">Henrietta</namePart>
          <displayForm>HeLa</displayForm>
          <affiliation>Baltimore</affiliation>    
          <role>
              <roleTerm authority="marcrelator" type="text">Contributor</roleTerm>
          </role>
      </name>
      <name type="corporate"> 
        <namePart>NSF</namePart> 
        <role> 
          <roleTerm authority="marcrelator" type="text">Funder</roleTerm> 
        </role> 
      </name> 
      <name type="conference"> 
        <namePart>some conference</namePart> 
        <role> 
          <roleTerm authority="marcrelator" type="text">Host</roleTerm> 
        </role> 
      </name>
      
      <typeOfResource>text</typeOfResource>
      <genre authority="local">journal article</genre>

      <abstract>ABSTRACT</abstract>
      <subject>
          <topic>TOPIC 1</topic>
          <topic>TOPIC 2</topic>
      </subject>
      <subject authority="AUTHORITY SOURCE (RFCD, LCSH)">
          <topic>CONTROLLED TERM</topic>
      </subject>

      <language>
          <languageTerm authority="iso639-2b" type="code">en-aus </languageTerm>
      </language>

      <physicalDescription>
          <internetMediaType>application/pdf</internetMediaType>
          <extent>36 p.</extent>
      </physicalDescription>

      <relatedItem type="host">
          <titleInfo>
              <title>TITLE OF HOST JOURNAL</title>
          </titleInfo>
          <originInfo>
              <publisher>PUBLISHER</publisher>
              <dateIssued>DATE</dateIssued>
          </originInfo>
          <identifier type="issn">0013-8908</identifier>    
          <part>
              <detail type="volume">
                  <number>2</number>
              </detail>
              <detail type="level">
                  <number>2</number>
              </detail>
              <extent unit="pages">
                  <start>195</start>
                  <end>230</end>
              </extent>
              <date>FEB. 2007</date>
          </part>            
      </relatedItem>

      <identifier type="uri">http://URL.edu.au/</identifier>
      <identifier type="doi">doi:10.1006/jmbi.1995.0238</identifier>
      <location>
          <url>http://URL.edu.au/</url>
      </location>        
      <accessCondition type="restrictionOnAccess">EMBARGO NOTE</accessCondition>
      <accessCondition type="use and reproduction">OPEN ACCESS</accessCondition>

  </mods>
</foxml:xmlContent>
</foxml:datastreamVersion>
</foxml:datastream>
<foxml:datastream ID="RELS-EXT" STATE="A" CONTROL_GROUP="X" VERSIONABLE="true">
<foxml:datastreamVersion ID="RELS-EXT.0" LABEL="" CREATED="2010-06-17T19:56:22.353Z" MIMETYPE="text/xml" SIZE="306">
<foxml:xmlContent>
<rdf:RDF xmlns:rdf="http://www.w3.org/1999/02/22-rdf-syntax-ns#">
  <rdf:Description rdf:about="info:fedora/hydrangea:fixture_mods_article1">
    <hasModel xmlns="info:fedora/fedora-system:def/relations-external#" rdf:resource="info:fedora/afmodel:HydrangeaArticle"></hasModel>
  </rdf:Description>
</rdf:RDF>
</foxml:xmlContent>
</foxml:datastreamVersion>
</foxml:datastream>
<foxml:datastream ID="rightsMetadata" STATE="A" CONTROL_GROUP="X" VERSIONABLE="true">
<foxml:datastreamVersion ID="rightsMetadata.0" LABEL="" CREATED="2010-06-17T19:56:23.335Z" MIMETYPE="text/xml" SIZE="19">
<foxml:xmlContent>
  <rightsMetadata xmlns="http://hydra-collab.stanford.edu/schemas/rightsMetadata/v1">
      <copyright>
        <human>(c)2009 The Hydra Project</human>
        <human type="someSpecialisedType">Blah Blah</human>
        <human type="aDifferentType">More blah</human>
    		<machine><a rel="license" href="http://creativecommons.org/licenses/publicdomain/"><img alt="Creative Commons License" style="border-width:0" src="http://i.creativecommons.org/l/publicdomain/88x31.png" /></a><br />This work is in the <a rel="license" href="http://creativecommons.org/licenses/publicdomain/">Public Domain</a>.</machine>
  	</copyright>
  	<access type="discover">
  		<human></human>
  		<machine>
  			<policy>hydra-policy:4502</policy>
        <group>public</group>
      </machine>
  	</access>
  	<access type="read">
  		<human></human>
  		<machine>
        <group>public</group>
      </machine>
  	</access>
  	<access type="edit">
  		<human></human>
  		<machine>
  		  <person>researcher1</person>
        <group>archivist</group>
  		</machine>        
  	</access>
    <access type="etc">
            <!-- etc -->
    </access>
  	<use>
  		<human>You are free to re-distribute this object, but you cannot change it or sell it. </human>
  		<machine><a rel="license" href="http://creativecommons.org/licenses/by-nc-nd/3.0/us/"><img alt="Creative Commons License" style="border-width:0" src="http://i.creativecommons.org/l/by-nc-nd/3.0/us/88x31.png" /></a><br />This <span xmlns:dc="http://purl.org/dc/elements/1.1/" href="http://purl.org/dc/dcmitype/Sound" rel="dc:type">work</span> is licensed under a <a rel="license" href="http://creativecommons.org/licenses/by-nc-nd/3.0/us/">Creative Commons Attribution-Noncommercial-No Derivative Works 3.0 United States License</a>.</machine>
  	</use>

  </rightsMetadata>
</foxml:xmlContent>
</foxml:datastreamVersion>
</foxml:datastream>
<foxml:datastream ID="properties" STATE="A" CONTROL_GROUP="X" VERSIONABLE="true">
<foxml:datastreamVersion ID="properties.0" LABEL="" CREATED="2010-06-17T19:56:23.477Z" MIMETYPE="text/xml" SIZE="19">
<foxml:xmlContent>
<fields></fields>
</foxml:xmlContent>
</foxml:datastreamVersion>
</foxml:datastream>
</foxml:digitalObject>