<?xml version="1.0" encoding="UTF-8"?>
<foxml:digitalObject VERSION="1.1" PID="hydrangea:fixture_archivist_only_mods_article"
xmlns:foxml="info:fedora/fedora-system:def/foxml#"
xmlns:xsi="http://www.w3.org/2001/XMLSchema-instance"
xsi:schemaLocation="info:fedora/fedora-system:def/foxml# http://www.fedora.info/definitions/1/0/foxml1-1.xsd">
<foxml:objectProperties>
<foxml:property NAME="info:fedora/fedora-system:def/model#state" VALUE="Active"/>
<foxml:property NAME="info:fedora/fedora-system:def/model#label" VALUE=""/>
<foxml:property NAME="info:fedora/fedora-system:def/model#ownerId" VALUE="fedoraAdmin"/>
<foxml:property NAME="info:fedora/fedora-system:def/model#createdDate" VALUE="2010-07-30T18:42:10.923Z"/>
<foxml:property NAME="info:fedora/fedora-system:def/view#lastModifiedDate" VALUE="2010-07-30T18:45:17.860Z"/>
</foxml:objectProperties>
<foxml:datastream ID="AUDIT" STATE="A" CONTROL_GROUP="X" VERSIONABLE="false">
<foxml:datastreamVersion ID="AUDIT.0" LABEL="Audit Trail for this object" CREATED="2010-07-30T18:42:10.923Z" MIMETYPE="text/xml" FORMAT_URI="info:fedora/fedora-system:format/xml.fedora.audit">
<foxml:xmlContent>
<audit:auditTrail xmlns:audit="info:fedora/fedora-system:def/audit#">
<audit:record ID="AUDREC1">
<audit:process type="Fedora API-M"/>
<audit:action>addDatastream</audit:action>
<audit:componentID>descMetadata</audit:componentID>
<audit:responsibility>fedoraAdmin</audit:responsibility>
<audit:date>2010-07-30T18:42:11.058Z</audit:date>
<audit:justification></audit:justification>
</audit:record>
<audit:record ID="AUDREC2">
<audit:process type="Fedora API-M"/>
<audit:action>addDatastream</audit:action>
<audit:componentID>RELS-EXT</audit:componentID>
<audit:responsibility>fedoraAdmin</audit:responsibility>
<audit:date>2010-07-30T18:42:11.147Z</audit:date>
<audit:justification></audit:justification>
</audit:record>
<audit:record ID="AUDREC3">
<audit:process type="Fedora API-M"/>
<audit:action>addDatastream</audit:action>
<audit:componentID>rightsMetadata</audit:componentID>
<audit:responsibility>fedoraAdmin</audit:responsibility>
<audit:date>2010-07-30T18:42:11.199Z</audit:date>
<audit:justification></audit:justification>
</audit:record>
<audit:record ID="AUDREC4">
<audit:process type="Fedora API-M"/>
<audit:action>addDatastream</audit:action>
<audit:componentID>properties</audit:componentID>
<audit:responsibility>fedoraAdmin</audit:responsibility>
<audit:date>2010-07-30T18:42:11.253Z</audit:date>
<audit:justification></audit:justification>
</audit:record>
<audit:record ID="AUDREC5">
<audit:process type="Fedora API-M"/>
<audit:action>modifyObject</audit:action>
<audit:componentID></audit:componentID>
<audit:responsibility>fedoraAdmin</audit:responsibility>
<audit:date>2010-07-30T18:42:22.727Z</audit:date>
<audit:justification></audit:justification>
</audit:record>
<audit:record ID="AUDREC6">
<audit:process type="Fedora API-M"/>
<audit:action>modifyDatastreamByValue</audit:action>
<audit:componentID>descMetadata</audit:componentID>
<audit:responsibility>fedoraAdmin</audit:responsibility>
<audit:date>2010-07-30T18:42:22.788Z</audit:date>
<audit:justification></audit:justification>
</audit:record>
<audit:record ID="AUDREC7">
<audit:process type="Fedora API-M"/>
<audit:action>modifyObject</audit:action>
<audit:componentID></audit:componentID>
<audit:responsibility>fedoraAdmin</audit:responsibility>
<audit:date>2010-07-30T18:43:27.540Z</audit:date>
<audit:justification></audit:justification>
</audit:record>
<audit:record ID="AUDREC8">
<audit:process type="Fedora API-M"/>
<audit:action>modifyDatastreamByValue</audit:action>
<audit:componentID>descMetadata</audit:componentID>
<audit:responsibility>fedoraAdmin</audit:responsibility>
<audit:date>2010-07-30T18:43:27.600Z</audit:date>
<audit:justification></audit:justification>
</audit:record>
<audit:record ID="AUDREC9">
<audit:process type="Fedora API-M"/>
<audit:action>modifyObject</audit:action>
<audit:componentID></audit:componentID>
<audit:responsibility>fedoraAdmin</audit:responsibility>
<audit:date>2010-07-30T18:43:28.502Z</audit:date>
<audit:justification></audit:justification>
</audit:record>
<audit:record ID="AUDREC10">
<audit:process type="Fedora API-M"/>
<audit:action>modifyDatastreamByValue</audit:action>
<audit:componentID>descMetadata</audit:componentID>
<audit:responsibility>fedoraAdmin</audit:responsibility>
<audit:date>2010-07-30T18:43:28.589Z</audit:date>
<audit:justification></audit:justification>
</audit:record>
<audit:record ID="AUDREC11">
<audit:process type="Fedora API-M"/>
<audit:action>modifyObject</audit:action>
<audit:componentID></audit:componentID>
<audit:responsibility>fedoraAdmin</audit:responsibility>
<audit:date>2010-07-30T18:43:58.873Z</audit:date>
<audit:justification></audit:justification>
</audit:record>
<audit:record ID="AUDREC12">
<audit:process type="Fedora API-M"/>
<audit:action>modifyDatastreamByValue</audit:action>
<audit:componentID>descMetadata</audit:componentID>
<audit:responsibility>fedoraAdmin</audit:responsibility>
<audit:date>2010-07-30T18:43:59.042Z</audit:date>
<audit:justification></audit:justification>
</audit:record>
<audit:record ID="AUDREC13">
<audit:process type="Fedora API-M"/>
<audit:action>modifyObject</audit:action>
<audit:componentID></audit:componentID>
<audit:responsibility>fedoraAdmin</audit:responsibility>
<audit:date>2010-07-30T18:44:00.320Z</audit:date>
<audit:justification></audit:justification>
</audit:record>
<audit:record ID="AUDREC14">
<audit:process type="Fedora API-M"/>
<audit:action>modifyDatastreamByValue</audit:action>
<audit:componentID>descMetadata</audit:componentID>
<audit:responsibility>fedoraAdmin</audit:responsibility>
<audit:date>2010-07-30T18:44:00.498Z</audit:date>
<audit:justification></audit:justification>
</audit:record>
<audit:record ID="AUDREC15">
<audit:process type="Fedora API-M"/>
<audit:action>modifyObject</audit:action>
<audit:componentID></audit:componentID>
<audit:responsibility>fedoraAdmin</audit:responsibility>
<audit:date>2010-07-30T18:44:11.501Z</audit:date>
<audit:justification></audit:justification>
</audit:record>
<audit:record ID="AUDREC16">
<audit:process type="Fedora API-M"/>
<audit:action>modifyDatastreamByValue</audit:action>
<audit:componentID>descMetadata</audit:componentID>
<audit:responsibility>fedoraAdmin</audit:responsibility>
<audit:date>2010-07-30T18:44:11.541Z</audit:date>
<audit:justification></audit:justification>
</audit:record>
<audit:record ID="AUDREC17">
<audit:process type="Fedora API-M"/>
<audit:action>modifyObject</audit:action>
<audit:componentID></audit:componentID>
<audit:responsibility>fedoraAdmin</audit:responsibility>
<audit:date>2010-07-30T18:44:13.043Z</audit:date>
<audit:justification></audit:justification>
</audit:record>
<audit:record ID="AUDREC18">
<audit:process type="Fedora API-M"/>
<audit:action>modifyDatastreamByValue</audit:action>
<audit:componentID>descMetadata</audit:componentID>
<audit:responsibility>fedoraAdmin</audit:responsibility>
<audit:date>2010-07-30T18:44:13.113Z</audit:date>
<audit:justification></audit:justification>
</audit:record>
<audit:record ID="AUDREC19">
<audit:process type="Fedora API-M"/>
<audit:action>modifyObject</audit:action>
<audit:componentID></audit:componentID>
<audit:responsibility>fedoraAdmin</audit:responsibility>
<audit:date>2010-07-30T18:44:19.362Z</audit:date>
<audit:justification></audit:justification>
</audit:record>
<audit:record ID="AUDREC20">
<audit:process type="Fedora API-M"/>
<audit:action>modifyDatastreamByValue</audit:action>
<audit:componentID>descMetadata</audit:componentID>
<audit:responsibility>fedoraAdmin</audit:responsibility>
<audit:date>2010-07-30T18:44:19.426Z</audit:date>
<audit:justification></audit:justification>
</audit:record>
<audit:record ID="AUDREC21">
<audit:process type="Fedora API-M"/>
<audit:action>modifyObject</audit:action>
<audit:componentID></audit:componentID>
<audit:responsibility>fedoraAdmin</audit:responsibility>
<audit:date>2010-07-30T18:44:20.455Z</audit:date>
<audit:justification></audit:justification>
</audit:record>
<audit:record ID="AUDREC22">
<audit:process type="Fedora API-M"/>
<audit:action>modifyDatastreamByValue</audit:action>
<audit:componentID>descMetadata</audit:componentID>
<audit:responsibility>fedoraAdmin</audit:responsibility>
<audit:date>2010-07-30T18:44:20.509Z</audit:date>
<audit:justification></audit:justification>
</audit:record>
<audit:record ID="AUDREC23">
<audit:process type="Fedora API-M"/>
<audit:action>modifyObject</audit:action>
<audit:componentID></audit:componentID>
<audit:responsibility>fedoraAdmin</audit:responsibility>
<audit:date>2010-07-30T18:44:35.051Z</audit:date>
<audit:justification></audit:justification>
</audit:record>
<audit:record ID="AUDREC24">
<audit:process type="Fedora API-M"/>
<audit:action>modifyDatastreamByValue</audit:action>
<audit:componentID>descMetadata</audit:componentID>
<audit:responsibility>fedoraAdmin</audit:responsibility>
<audit:date>2010-07-30T18:44:35.086Z</audit:date>
<audit:justification></audit:justification>
</audit:record>
<audit:record ID="AUDREC25">
<audit:process type="Fedora API-M"/>
<audit:action>modifyObject</audit:action>
<audit:componentID></audit:componentID>
<audit:responsibility>fedoraAdmin</audit:responsibility>
<audit:date>2010-07-30T18:44:35.784Z</audit:date>
<audit:justification></audit:justification>
</audit:record>
<audit:record ID="AUDREC26">
<audit:process type="Fedora API-M"/>
<audit:action>modifyDatastreamByValue</audit:action>
<audit:componentID>descMetadata</audit:componentID>
<audit:responsibility>fedoraAdmin</audit:responsibility>
<audit:date>2010-07-30T18:44:35.836Z</audit:date>
<audit:justification></audit:justification>
</audit:record>
<audit:record ID="AUDREC27">
<audit:process type="Fedora API-M"/>
<audit:action>modifyObject</audit:action>
<audit:componentID></audit:componentID>
<audit:responsibility>fedoraAdmin</audit:responsibility>
<audit:date>2010-07-30T18:44:49.323Z</audit:date>
<audit:justification></audit:justification>
</audit:record>
<audit:record ID="AUDREC28">
<audit:process type="Fedora API-M"/>
<audit:action>modifyDatastreamByValue</audit:action>
<audit:componentID>descMetadata</audit:componentID>
<audit:responsibility>fedoraAdmin</audit:responsibility>
<audit:date>2010-07-30T18:44:49.574Z</audit:date>
<audit:justification></audit:justification>
</audit:record>
<audit:record ID="AUDREC29">
<audit:process type="Fedora API-M"/>
<audit:action>modifyObject</audit:action>
<audit:componentID></audit:componentID>
<audit:responsibility>fedoraAdmin</audit:responsibility>
<audit:date>2010-07-30T18:44:51.247Z</audit:date>
<audit:justification></audit:justification>
</audit:record>
<audit:record ID="AUDREC30">
<audit:process type="Fedora API-M"/>
<audit:action>modifyDatastreamByValue</audit:action>
<audit:componentID>descMetadata</audit:componentID>
<audit:responsibility>fedoraAdmin</audit:responsibility>
<audit:date>2010-07-30T18:44:51.884Z</audit:date>
<audit:justification></audit:justification>
</audit:record>
<audit:record ID="AUDREC31">
<audit:process type="Fedora API-M"/>
<audit:action>modifyObject</audit:action>
<audit:componentID></audit:componentID>
<audit:responsibility>fedoraAdmin</audit:responsibility>
<audit:date>2010-07-30T18:44:56.149Z</audit:date>
<audit:justification></audit:justification>
</audit:record>
<audit:record ID="AUDREC32">
<audit:process type="Fedora API-M"/>
<audit:action>modifyDatastreamByValue</audit:action>
<audit:componentID>descMetadata</audit:componentID>
<audit:responsibility>fedoraAdmin</audit:responsibility>
<audit:date>2010-07-30T18:44:56.253Z</audit:date>
<audit:justification></audit:justification>
</audit:record>
<audit:record ID="AUDREC33">
<audit:process type="Fedora API-M"/>
<audit:action>modifyDatastreamByValue</audit:action>
<audit:componentID>rightsMetadata</audit:componentID>
<audit:responsibility>fedoraAdmin</audit:responsibility>
<audit:date>2010-07-30T18:45:17.860Z</audit:date>
<audit:justification></audit:justification>
</audit:record>
</audit:auditTrail>
</foxml:xmlContent>
</foxml:datastreamVersion>
</foxml:datastream>
<foxml:datastream ID="DC" STATE="A" CONTROL_GROUP="X" VERSIONABLE="true">
<foxml:datastreamVersion ID="DC1.0" LABEL="Dublin Core Record for this object" CREATED="2010-07-30T18:42:10.923Z" MIMETYPE="text/xml" FORMAT_URI="http://www.openarchives.org/OAI/2.0/oai_dc/" SIZE="341">
<foxml:xmlContent>
<oai_dc:dc xmlns:oai_dc="http://www.openarchives.org/OAI/2.0/oai_dc/" xmlns:dc="http://purl.org/dc/elements/1.1/" xmlns:xsi="http://www.w3.org/2001/XMLSchema-instance" xsi:schemaLocation="http://www.openarchives.org/OAI/2.0/oai_dc/ http://www.openarchives.org/OAI/2.0/oai_dc.xsd">
  <dc:identifier>hydrangea:fixture_archivist_only_mods_article</dc:identifier>
</oai_dc:dc>
</foxml:xmlContent>
</foxml:datastreamVersion>
</foxml:datastream>
<foxml:datastream ID="descMetadata" STATE="A" CONTROL_GROUP="X" VERSIONABLE="true">
<foxml:datastreamVersion ID="descMetadata.0" LABEL="" CREATED="2010-07-30T18:42:11.058Z" MIMETYPE="text/xml" SIZE="1547">
<foxml:xmlContent>
<mods xmlns="http://www.loc.gov/mods/v3" xmlns:xlink="http://www.w3.org/1999/xlink" xmlns:xsi="http://www.w3.org/2001/XMLSchema-instance" version="3.3" xsi:schemaLocation="http://www.loc.gov/mods/v3 http://www.loc.gov/standards/mods/v3/mods-3-3.xsd">
  <titleInfo>
    <title></title>
  </titleInfo>
  <name type="personal">
    <namePart type="given"></namePart>
    <namePart type="family"></namePart>
    <affiliation></affiliation>
    <role>
      <roleTerm authority="marcrelator" type="text"></roleTerm>
    </role>
  </name>
  <name type="corporate">
    <namePart></namePart>
    <role>
      <roleTerm authority="marcrelator" type="text"></roleTerm>
    </role>
  </name>
  <name type="conference">
    <namePart></namePart>
    <role>
      <roleTerm authority="marcrelator" type="text"></roleTerm>
    </role>
  </name>
  <typeOfResource></typeOfResource>
  <genre authority="marcgt"></genre>
  <language>
    <languageTerm authority="iso639-2b" type="code"></languageTerm>
  </language>
  <abstract></abstract>
  <subject>
    <topic></topic>
  </subject>
  <relatedItem type="host">
    <titleInfo>
      <title></title>
    </titleInfo>
    <identifier type="issn"></identifier>
    <originInfo>
      <publisher></publisher>
      <dateIssued></dateIssued>
    </originInfo>
    <part>
      <detail type="volume"></detail>
      <detail type="number"></detail>
      <pages type="start"></pages>
      <pages type="end"></pages>
      <date></date>
    </part>
  </relatedItem>
  <location>
    <url></url>
  </location>
</mods>
</foxml:xmlContent>
</foxml:datastreamVersion>
<foxml:datastreamVersion ID="descMetadata.1" LABEL="" CREATED="2010-07-30T18:42:22.788Z" MIMETYPE="text/xml" SIZE="1560">
<foxml:xmlContent>
<mods xmlns="http://www.loc.gov/mods/v3" xmlns:xlink="http://www.w3.org/1999/xlink" xmlns:xsi="http://www.w3.org/2001/XMLSchema-instance" version="3.3" xsi:schemaLocation="http://www.loc.gov/mods/v3 http://www.loc.gov/standards/mods/v3/mods-3-3.xsd">
  <titleInfo>
    <title>click to edit</title>
  </titleInfo>
  <name type="personal">
    <namePart type="given"></namePart>
    <namePart type="family"></namePart>
    <affiliation></affiliation>
    <role>
      <roleTerm authority="marcrelator" type="text"></roleTerm>
    </role>
  </name>
  <name type="corporate">
    <namePart></namePart>
    <role>
      <roleTerm authority="marcrelator" type="text"></roleTerm>
    </role>
  </name>
  <name type="conference">
    <namePart></namePart>
    <role>
      <roleTerm authority="marcrelator" type="text"></roleTerm>
    </role>
  </name>
  <typeOfResource></typeOfResource>
  <genre authority="marcgt"></genre>
  <language>
    <languageTerm authority="iso639-2b" type="code"></languageTerm>
  </language>
  <abstract></abstract>
  <subject>
    <topic></topic>
  </subject>
  <relatedItem type="host">
    <titleInfo>
      <title></title>
    </titleInfo>
    <identifier type="issn"></identifier>
    <originInfo>
      <publisher></publisher>
      <dateIssued></dateIssued>
    </originInfo>
    <part>
      <detail type="volume"></detail>
      <detail type="number"></detail>
      <pages type="start"></pages>
      <pages type="end"></pages>
      <date></date>
    </part>
  </relatedItem>
  <location>
    <url></url>
  </location>
</mods>
</foxml:xmlContent>
</foxml:datastreamVersion>
<foxml:datastreamVersion ID="descMetadata.2" LABEL="" CREATED="2010-07-30T18:43:27.600Z" MIMETYPE="text/xml" SIZE="1572">
<foxml:xmlContent>
<mods xmlns="http://www.loc.gov/mods/v3" xmlns:xlink="http://www.w3.org/1999/xlink" xmlns:xsi="http://www.w3.org/2001/XMLSchema-instance" version="3.3" xsi:schemaLocation="http://www.loc.gov/mods/v3 http://www.loc.gov/standards/mods/v3/mods-3-3.xsd">
  <titleInfo>
    <title>Article for Archivist Eyes Only</title>
  </titleInfo>
  <name type="personal">
    <namePart type="given"></namePart>
    <namePart type="family"></namePart>
    <affiliation></affiliation>
    <role>
      <roleTerm authority="marcrelator" type="text"></roleTerm>
    </role>
  </name>
  <name type="corporate">
    <namePart></namePart>
    <role>
      <roleTerm authority="marcrelator" type="text"></roleTerm>
    </role>
  </name>
  <name type="conference">
    <namePart></namePart>
    <role>
      <roleTerm authority="marcrelator" type="text"></roleTerm>
    </role>
  </name>
  <typeOfResource></typeOfResource>
  <genre authority="marcgt"></genre>
  <language>
    <languageTerm authority="iso639-2b" type="code"></languageTerm>
  </language>
  <abstract></abstract>
  <subject>
    <topic></topic>
  </subject>
  <relatedItem type="host">
    <titleInfo>
      <title></title>
    </titleInfo>
    <identifier type="issn"></identifier>
    <originInfo>
      <publisher></publisher>
      <dateIssued></dateIssued>
    </originInfo>
    <part>
      <detail type="volume"></detail>
      <detail type="number"></detail>
      <pages type="start"></pages>
      <pages type="end"></pages>
      <date></date>
    </part>
  </relatedItem>
  <location>
    <url></url>
  </location>
</mods>
</foxml:xmlContent>
</foxml:datastreamVersion>
<foxml:datastreamVersion ID="descMetadata.3" LABEL="" CREATED="2010-07-30T18:43:28.589Z" MIMETYPE="text/xml" SIZE="1572">
<foxml:xmlContent>
<mods xmlns="http://www.loc.gov/mods/v3" xmlns:xlink="http://www.w3.org/1999/xlink" xmlns:xsi="http://www.w3.org/2001/XMLSchema-instance" version="3.3" xsi:schemaLocation="http://www.loc.gov/mods/v3 http://www.loc.gov/standards/mods/v3/mods-3-3.xsd">
  <titleInfo>
    <title>Article for Archivist Eyes Only</title>
  </titleInfo>
  <name type="personal">
    <namePart type="given"></namePart>
    <namePart type="family"></namePart>
    <affiliation></affiliation>
    <role>
      <roleTerm authority="marcrelator" type="text"></roleTerm>
    </role>
  </name>
  <name type="corporate">
    <namePart></namePart>
    <role>
      <roleTerm authority="marcrelator" type="text"></roleTerm>
    </role>
  </name>
  <name type="conference">
    <namePart></namePart>
    <role>
      <roleTerm authority="marcrelator" type="text"></roleTerm>
    </role>
  </name>
  <typeOfResource></typeOfResource>
  <genre authority="marcgt"></genre>
  <language>
    <languageTerm authority="iso639-2b" type="code"></languageTerm>
  </language>
  <abstract></abstract>
  <subject>
    <topic></topic>
  </subject>
  <relatedItem type="host">
    <titleInfo>
      <title></title>
    </titleInfo>
    <identifier type="issn"></identifier>
    <originInfo>
      <publisher></publisher>
      <dateIssued></dateIssued>
    </originInfo>
    <part>
      <detail type="volume"></detail>
      <detail type="number"></detail>
      <pages type="start"></pages>
      <pages type="end"></pages>
      <date></date>
    </part>
  </relatedItem>
  <location>
    <url></url>
  </location>
</mods>
</foxml:xmlContent>
</foxml:datastreamVersion>
<foxml:datastreamVersion ID="descMetadata.4" LABEL="" CREATED="2010-07-30T18:43:59.042Z" MIMETYPE="text/xml" SIZE="1583">
<foxml:xmlContent>
<mods xmlns="http://www.loc.gov/mods/v3" xmlns:xlink="http://www.w3.org/1999/xlink" xmlns:xsi="http://www.w3.org/2001/XMLSchema-instance" version="3.3" xsi:schemaLocation="http://www.loc.gov/mods/v3 http://www.loc.gov/standards/mods/v3/mods-3-3.xsd">
  <titleInfo>
    <title>Article for Archivist Eyes Only</title>
  </titleInfo>
  <name type="personal">
    <namePart type="given"></namePart>
    <namePart type="family"></namePart>
    <affiliation></affiliation>
    <role>
      <roleTerm authority="marcrelator" type="text">contributor</roleTerm>
    </role>
  </name>
  <name type="corporate">
    <namePart></namePart>
    <role>
      <roleTerm authority="marcrelator" type="text"></roleTerm>
    </role>
  </name>
  <name type="conference">
    <namePart></namePart>
    <role>
      <roleTerm authority="marcrelator" type="text"></roleTerm>
    </role>
  </name>
  <typeOfResource></typeOfResource>
  <genre authority="marcgt"></genre>
  <language>
    <languageTerm authority="iso639-2b" type="code"></languageTerm>
  </language>
  <abstract></abstract>
  <subject>
    <topic></topic>
  </subject>
  <relatedItem type="host">
    <titleInfo>
      <title></title>
    </titleInfo>
    <identifier type="issn"></identifier>
    <originInfo>
      <publisher></publisher>
      <dateIssued></dateIssued>
    </originInfo>
    <part>
      <detail type="volume"></detail>
      <detail type="number"></detail>
      <pages type="start"></pages>
      <pages type="end"></pages>
      <date></date>
    </part>
  </relatedItem>
  <location>
    <url></url>
  </location>
</mods>
</foxml:xmlContent>
</foxml:datastreamVersion>
<foxml:datastreamVersion ID="descMetadata.5" LABEL="" CREATED="2010-07-30T18:44:00.498Z" MIMETYPE="text/xml" SIZE="1583">
<foxml:xmlContent>
<mods xmlns="http://www.loc.gov/mods/v3" xmlns:xlink="http://www.w3.org/1999/xlink" xmlns:xsi="http://www.w3.org/2001/XMLSchema-instance" version="3.3" xsi:schemaLocation="http://www.loc.gov/mods/v3 http://www.loc.gov/standards/mods/v3/mods-3-3.xsd">
  <titleInfo>
    <title>Article for Archivist Eyes Only</title>
  </titleInfo>
  <name type="personal">
    <namePart type="given"></namePart>
    <namePart type="family"></namePart>
    <affiliation></affiliation>
    <role>
      <roleTerm authority="marcrelator" type="text">contributor</roleTerm>
    </role>
  </name>
  <name type="corporate">
    <namePart></namePart>
    <role>
      <roleTerm authority="marcrelator" type="text"></roleTerm>
    </role>
  </name>
  <name type="conference">
    <namePart></namePart>
    <role>
      <roleTerm authority="marcrelator" type="text"></roleTerm>
    </role>
  </name>
  <typeOfResource></typeOfResource>
  <genre authority="marcgt"></genre>
  <language>
    <languageTerm authority="iso639-2b" type="code"></languageTerm>
  </language>
  <abstract></abstract>
  <subject>
    <topic></topic>
  </subject>
  <relatedItem type="host">
    <titleInfo>
      <title></title>
    </titleInfo>
    <identifier type="issn"></identifier>
    <originInfo>
      <publisher></publisher>
      <dateIssued></dateIssued>
    </originInfo>
    <part>
      <detail type="volume"></detail>
      <detail type="number"></detail>
      <pages type="start"></pages>
      <pages type="end"></pages>
      <date></date>
    </part>
  </relatedItem>
  <location>
    <url></url>
  </location>
</mods>
</foxml:xmlContent>
</foxml:datastreamVersion>
<foxml:datastreamVersion ID="descMetadata.6" LABEL="" CREATED="2010-07-30T18:44:11.541Z" MIMETYPE="text/xml" SIZE="1588">
<foxml:xmlContent>
<mods xmlns="http://www.loc.gov/mods/v3" xmlns:xlink="http://www.w3.org/1999/xlink" xmlns:xsi="http://www.w3.org/2001/XMLSchema-instance" version="3.3" xsi:schemaLocation="http://www.loc.gov/mods/v3 http://www.loc.gov/standards/mods/v3/mods-3-3.xsd">
  <titleInfo>
    <title>Article for Archivist Eyes Only</title>
  </titleInfo>
  <name type="personal">
    <namePart type="given">Sally</namePart>
    <namePart type="family"></namePart>
    <affiliation></affiliation>
    <role>
      <roleTerm authority="marcrelator" type="text">contributor</roleTerm>
    </role>
  </name>
  <name type="corporate">
    <namePart></namePart>
    <role>
      <roleTerm authority="marcrelator" type="text"></roleTerm>
    </role>
  </name>
  <name type="conference">
    <namePart></namePart>
    <role>
      <roleTerm authority="marcrelator" type="text"></roleTerm>
    </role>
  </name>
  <typeOfResource></typeOfResource>
  <genre authority="marcgt"></genre>
  <language>
    <languageTerm authority="iso639-2b" type="code"></languageTerm>
  </language>
  <abstract></abstract>
  <subject>
    <topic></topic>
  </subject>
  <relatedItem type="host">
    <titleInfo>
      <title></title>
    </titleInfo>
    <identifier type="issn"></identifier>
    <originInfo>
      <publisher></publisher>
      <dateIssued></dateIssued>
    </originInfo>
    <part>
      <detail type="volume"></detail>
      <detail type="number"></detail>
      <pages type="start"></pages>
      <pages type="end"></pages>
      <date></date>
    </part>
  </relatedItem>
  <location>
    <url></url>
  </location>
</mods>
</foxml:xmlContent>
</foxml:datastreamVersion>
<foxml:datastreamVersion ID="descMetadata.7" LABEL="" CREATED="2010-07-30T18:44:13.113Z" MIMETYPE="text/xml" SIZE="1588">
<foxml:xmlContent>
<mods xmlns="http://www.loc.gov/mods/v3" xmlns:xlink="http://www.w3.org/1999/xlink" xmlns:xsi="http://www.w3.org/2001/XMLSchema-instance" version="3.3" xsi:schemaLocation="http://www.loc.gov/mods/v3 http://www.loc.gov/standards/mods/v3/mods-3-3.xsd">
  <titleInfo>
    <title>Article for Archivist Eyes Only</title>
  </titleInfo>
  <name type="personal">
    <namePart type="given">Sally</namePart>
    <namePart type="family"></namePart>
    <affiliation></affiliation>
    <role>
      <roleTerm authority="marcrelator" type="text">contributor</roleTerm>
    </role>
  </name>
  <name type="corporate">
    <namePart></namePart>
    <role>
      <roleTerm authority="marcrelator" type="text"></roleTerm>
    </role>
  </name>
  <name type="conference">
    <namePart></namePart>
    <role>
      <roleTerm authority="marcrelator" type="text"></roleTerm>
    </role>
  </name>
  <typeOfResource></typeOfResource>
  <genre authority="marcgt"></genre>
  <language>
    <languageTerm authority="iso639-2b" type="code"></languageTerm>
  </language>
  <abstract></abstract>
  <subject>
    <topic></topic>
  </subject>
  <relatedItem type="host">
    <titleInfo>
      <title></title>
    </titleInfo>
    <identifier type="issn"></identifier>
    <originInfo>
      <publisher></publisher>
      <dateIssued></dateIssued>
    </originInfo>
    <part>
      <detail type="volume"></detail>
      <detail type="number"></detail>
      <pages type="start"></pages>
      <pages type="end"></pages>
      <date></date>
    </part>
  </relatedItem>
  <location>
    <url></url>
  </location>
</mods>
</foxml:xmlContent>
</foxml:datastreamVersion>
<foxml:datastreamVersion ID="descMetadata.8" LABEL="" CREATED="2010-07-30T18:44:19.426Z" MIMETYPE="text/xml" SIZE="1602">
<foxml:xmlContent>
<mods xmlns="http://www.loc.gov/mods/v3" xmlns:xlink="http://www.w3.org/1999/xlink" xmlns:xsi="http://www.w3.org/2001/XMLSchema-instance" version="3.3" xsi:schemaLocation="http://www.loc.gov/mods/v3 http://www.loc.gov/standards/mods/v3/mods-3-3.xsd">
  <titleInfo>
    <title>Article for Archivist Eyes Only</title>
  </titleInfo>
  <name type="personal">
    <namePart type="given">Sally</namePart>
    <namePart type="family">Whocontributes</namePart>
    <affiliation></affiliation>
    <role>
      <roleTerm authority="marcrelator" type="text">contributor</roleTerm>
    </role>
  </name>
  <name type="corporate">
    <namePart></namePart>
    <role>
      <roleTerm authority="marcrelator" type="text"></roleTerm>
    </role>
  </name>
  <name type="conference">
    <namePart></namePart>
    <role>
      <roleTerm authority="marcrelator" type="text"></roleTerm>
    </role>
  </name>
  <typeOfResource></typeOfResource>
  <genre authority="marcgt"></genre>
  <language>
    <languageTerm authority="iso639-2b" type="code"></languageTerm>
  </language>
  <abstract></abstract>
  <subject>
    <topic></topic>
  </subject>
  <relatedItem type="host">
    <titleInfo>
      <title></title>
    </titleInfo>
    <identifier type="issn"></identifier>
    <originInfo>
      <publisher></publisher>
      <dateIssued></dateIssued>
    </originInfo>
    <part>
      <detail type="volume"></detail>
      <detail type="number"></detail>
      <pages type="start"></pages>
      <pages type="end"></pages>
      <date></date>
    </part>
  </relatedItem>
  <location>
    <url></url>
  </location>
</mods>
</foxml:xmlContent>
</foxml:datastreamVersion>
<foxml:datastreamVersion ID="descMetadata.9" LABEL="" CREATED="2010-07-30T18:44:20.509Z" MIMETYPE="text/xml" SIZE="1602">
<foxml:xmlContent>
<mods xmlns="http://www.loc.gov/mods/v3" xmlns:xlink="http://www.w3.org/1999/xlink" xmlns:xsi="http://www.w3.org/2001/XMLSchema-instance" version="3.3" xsi:schemaLocation="http://www.loc.gov/mods/v3 http://www.loc.gov/standards/mods/v3/mods-3-3.xsd">
  <titleInfo>
    <title>Article for Archivist Eyes Only</title>
  </titleInfo>
  <name type="personal">
    <namePart type="given">Sally</namePart>
    <namePart type="family">Whocontributes</namePart>
    <affiliation></affiliation>
    <role>
      <roleTerm authority="marcrelator" type="text">contributor</roleTerm>
    </role>
  </name>
  <name type="corporate">
    <namePart></namePart>
    <role>
      <roleTerm authority="marcrelator" type="text"></roleTerm>
    </role>
  </name>
  <name type="conference">
    <namePart></namePart>
    <role>
      <roleTerm authority="marcrelator" type="text"></roleTerm>
    </role>
  </name>
  <typeOfResource></typeOfResource>
  <genre authority="marcgt"></genre>
  <language>
    <languageTerm authority="iso639-2b" type="code"></languageTerm>
  </language>
  <abstract></abstract>
  <subject>
    <topic></topic>
  </subject>
  <relatedItem type="host">
    <titleInfo>
      <title></title>
    </titleInfo>
    <identifier type="issn"></identifier>
    <originInfo>
      <publisher></publisher>
      <dateIssued></dateIssued>
    </originInfo>
    <part>
      <detail type="volume"></detail>
      <detail type="number"></detail>
      <pages type="start"></pages>
      <pages type="end"></pages>
      <date></date>
    </part>
  </relatedItem>
  <location>
    <url></url>
  </location>
</mods>
</foxml:xmlContent>
</foxml:datastreamVersion>
<foxml:datastreamVersion ID="descMetadata.10" LABEL="" CREATED="2010-07-30T18:44:35.086Z" MIMETYPE="text/xml" SIZE="1629">
<foxml:xmlContent>
<mods xmlns="http://www.loc.gov/mods/v3" xmlns:xlink="http://www.w3.org/1999/xlink" xmlns:xsi="http://www.w3.org/2001/XMLSchema-instance" version="3.3" xsi:schemaLocation="http://www.loc.gov/mods/v3 http://www.loc.gov/standards/mods/v3/mods-3-3.xsd">
  <titleInfo>
    <title>Article for Archivist Eyes Only</title>
  </titleInfo>
  <name type="personal">
    <namePart type="given">Sally</namePart>
    <namePart type="family">Whocontributes</namePart>
    <affiliation>University of Contributions</affiliation>
    <role>
      <roleTerm authority="marcrelator" type="text">contributor</roleTerm>
    </role>
  </name>
  <name type="corporate">
    <namePart></namePart>
    <role>
      <roleTerm authority="marcrelator" type="text"></roleTerm>
    </role>
  </name>
  <name type="conference">
    <namePart></namePart>
    <role>
      <roleTerm authority="marcrelator" type="text"></roleTerm>
    </role>
  </name>
  <typeOfResource></typeOfResource>
  <genre authority="marcgt"></genre>
  <language>
    <languageTerm authority="iso639-2b" type="code"></languageTerm>
  </language>
  <abstract></abstract>
  <subject>
    <topic></topic>
  </subject>
  <relatedItem type="host">
    <titleInfo>
      <title></title>
    </titleInfo>
    <identifier type="issn"></identifier>
    <originInfo>
      <publisher></publisher>
      <dateIssued></dateIssued>
    </originInfo>
    <part>
      <detail type="volume"></detail>
      <detail type="number"></detail>
      <pages type="start"></pages>
      <pages type="end"></pages>
      <date></date>
    </part>
  </relatedItem>
  <location>
    <url></url>
  </location>
</mods>
</foxml:xmlContent>
</foxml:datastreamVersion>
<foxml:datastreamVersion ID="descMetadata.11" LABEL="" CREATED="2010-07-30T18:44:35.836Z" MIMETYPE="text/xml" SIZE="1629">
<foxml:xmlContent>
<mods xmlns="http://www.loc.gov/mods/v3" xmlns:xlink="http://www.w3.org/1999/xlink" xmlns:xsi="http://www.w3.org/2001/XMLSchema-instance" version="3.3" xsi:schemaLocation="http://www.loc.gov/mods/v3 http://www.loc.gov/standards/mods/v3/mods-3-3.xsd">
  <titleInfo>
    <title>Article for Archivist Eyes Only</title>
  </titleInfo>
  <name type="personal">
    <namePart type="given">Sally</namePart>
    <namePart type="family">Whocontributes</namePart>
    <affiliation>University of Contributions</affiliation>
    <role>
      <roleTerm authority="marcrelator" type="text">contributor</roleTerm>
    </role>
  </name>
  <name type="corporate">
    <namePart></namePart>
    <role>
      <roleTerm authority="marcrelator" type="text"></roleTerm>
    </role>
  </name>
  <name type="conference">
    <namePart></namePart>
    <role>
      <roleTerm authority="marcrelator" type="text"></roleTerm>
    </role>
  </name>
  <typeOfResource></typeOfResource>
  <genre authority="marcgt"></genre>
  <language>
    <languageTerm authority="iso639-2b" type="code"></languageTerm>
  </language>
  <abstract></abstract>
  <subject>
    <topic></topic>
  </subject>
  <relatedItem type="host">
    <titleInfo>
      <title></title>
    </titleInfo>
    <identifier type="issn"></identifier>
    <originInfo>
      <publisher></publisher>
      <dateIssued></dateIssued>
    </originInfo>
    <part>
      <detail type="volume"></detail>
      <detail type="number"></detail>
      <pages type="start"></pages>
      <pages type="end"></pages>
      <date></date>
    </part>
  </relatedItem>
  <location>
    <url></url>
  </location>
</mods>
</foxml:xmlContent>
</foxml:datastreamVersion>
<foxml:datastreamVersion ID="descMetadata.12" LABEL="" CREATED="2010-07-30T18:44:49.574Z" MIMETYPE="text/xml" SIZE="1641">
<foxml:xmlContent>
<mods xmlns="http://www.loc.gov/mods/v3" xmlns:xlink="http://www.w3.org/1999/xlink" xmlns:xsi="http://www.w3.org/2001/XMLSchema-instance" version="3.3" xsi:schemaLocation="http://www.loc.gov/mods/v3 http://www.loc.gov/standards/mods/v3/mods-3-3.xsd">
  <titleInfo>
    <title>Article for Archivist Eyes Only</title>
  </titleInfo>
  <name type="personal">
    <namePart type="given">Sally</namePart>
    <namePart type="family">Whocontributes</namePart>
    <affiliation>University of Contributions</affiliation>
    <role>
      <roleTerm authority="marcrelator" type="text">contributor</roleTerm>
    </role>
  </name>
  <name type="corporate">
    <namePart></namePart>
    <role>
      <roleTerm authority="marcrelator" type="text"></roleTerm>
    </role>
  </name>
  <name type="conference">
    <namePart></namePart>
    <role>
      <roleTerm authority="marcrelator" type="text"></roleTerm>
    </role>
  </name>
  <typeOfResource></typeOfResource>
  <genre authority="marcgt"></genre>
  <language>
    <languageTerm authority="iso639-2b" type="code"></languageTerm>
  </language>
  <abstract></abstract>
  <subject>
    <topic>contributing</topic>
  </subject>
  <relatedItem type="host">
    <titleInfo>
      <title></title>
    </titleInfo>
    <identifier type="issn"></identifier>
    <originInfo>
      <publisher></publisher>
      <dateIssued></dateIssued>
    </originInfo>
    <part>
      <detail type="volume"></detail>
      <detail type="number"></detail>
      <pages type="start"></pages>
      <pages type="end"></pages>
      <date></date>
    </part>
  </relatedItem>
  <location>
    <url></url>
  </location>
</mods>
</foxml:xmlContent>
</foxml:datastreamVersion>
<foxml:datastreamVersion ID="descMetadata.13" LABEL="" CREATED="2010-07-30T18:44:51.884Z" MIMETYPE="text/xml" SIZE="1641">
<foxml:xmlContent>
<mods xmlns="http://www.loc.gov/mods/v3" xmlns:xlink="http://www.w3.org/1999/xlink" xmlns:xsi="http://www.w3.org/2001/XMLSchema-instance" version="3.3" xsi:schemaLocation="http://www.loc.gov/mods/v3 http://www.loc.gov/standards/mods/v3/mods-3-3.xsd">
  <titleInfo>
    <title>Article for Archivist Eyes Only</title>
  </titleInfo>
  <name type="personal">
    <namePart type="given">Sally</namePart>
    <namePart type="family">Whocontributes</namePart>
    <affiliation>University of Contributions</affiliation>
    <role>
      <roleTerm authority="marcrelator" type="text">contributor</roleTerm>
    </role>
  </name>
  <name type="corporate">
    <namePart></namePart>
    <role>
      <roleTerm authority="marcrelator" type="text"></roleTerm>
    </role>
  </name>
  <name type="conference">
    <namePart></namePart>
    <role>
      <roleTerm authority="marcrelator" type="text"></roleTerm>
    </role>
  </name>
  <typeOfResource></typeOfResource>
  <genre authority="marcgt"></genre>
  <language>
    <languageTerm authority="iso639-2b" type="code"></languageTerm>
  </language>
  <abstract></abstract>
  <subject>
    <topic>contributing</topic>
  </subject>
  <relatedItem type="host">
    <titleInfo>
      <title></title>
    </titleInfo>
    <identifier type="issn"></identifier>
    <originInfo>
      <publisher></publisher>
      <dateIssued></dateIssued>
    </originInfo>
    <part>
      <detail type="volume"></detail>
      <detail type="number"></detail>
      <pages type="start"></pages>
      <pages type="end"></pages>
      <date></date>
    </part>
  </relatedItem>
  <location>
    <url></url>
  </location>
</mods>
</foxml:xmlContent>
</foxml:datastreamVersion>
<foxml:datastreamVersion ID="descMetadata.14" LABEL="" CREATED="2010-07-30T18:44:56.253Z" MIMETYPE="text/xml" SIZE="1674">
<foxml:xmlContent>
<mods xmlns="http://www.loc.gov/mods/v3" xmlns:xlink="http://www.w3.org/1999/xlink" xmlns:xsi="http://www.w3.org/2001/XMLSchema-instance" version="3.3" xsi:schemaLocation="http://www.loc.gov/mods/v3 http://www.loc.gov/standards/mods/v3/mods-3-3.xsd">
  <titleInfo>
    <title>Article for Archivist Eyes Only</title>
  </titleInfo>
  <name type="personal">
    <namePart type="given">Sally</namePart>
    <namePart type="family">Whocontributes</namePart>
    <affiliation>University of Contributions</affiliation>
    <role>
      <roleTerm authority="marcrelator" type="text">contributor</roleTerm>
    </role>
  </name>
  <name type="corporate">
    <namePart></namePart>
    <role>
      <roleTerm authority="marcrelator" type="text"></roleTerm>
    </role>
  </name>
  <name type="conference">
    <namePart></namePart>
    <role>
      <roleTerm authority="marcrelator" type="text"></roleTerm>
    </role>
  </name>
  <typeOfResource></typeOfResource>
  <genre authority="marcgt"></genre>
  <language>
    <languageTerm authority="iso639-2b" type="code"></languageTerm>
  </language>
  <abstract></abstract>
  <subject>
    <topic>contributing</topic>
    <topic>exclusiveness</topic>
  </subject>
  <relatedItem type="host">
    <titleInfo>
      <title></title>
    </titleInfo>
    <identifier type="issn"></identifier>
    <originInfo>
      <publisher></publisher>
      <dateIssued></dateIssued>
    </originInfo>
    <part>
      <detail type="volume"></detail>
      <detail type="number"></detail>
      <pages type="start"></pages>
      <pages type="end"></pages>
      <date></date>
    </part>
  </relatedItem>
  <location>
    <url></url>
  </location>
</mods>
</foxml:xmlContent>
</foxml:datastreamVersion>
</foxml:datastream>
<foxml:datastream ID="RELS-EXT" STATE="A" CONTROL_GROUP="X" VERSIONABLE="true">
<foxml:datastreamVersion ID="RELS-EXT.0" LABEL="" CREATED="2010-07-30T18:42:11.147Z" MIMETYPE="text/xml" SIZE="292">
<foxml:xmlContent>
<rdf:RDF xmlns:rdf="http://www.w3.org/1999/02/22-rdf-syntax-ns#">
  <rdf:Description rdf:about="info:fedora/hydrangea:fixture_archivist_only_mods_article">
    <hasModel xmlns="info:fedora/fedora-system:def/relations-external#" rdf:resource="info:fedora/afmodel:HydrangeaArticle"></hasModel>
  </rdf:Description>
</rdf:RDF>
</foxml:xmlContent>
</foxml:datastreamVersion>
</foxml:datastream>
<foxml:datastream ID="rightsMetadata" STATE="A" CONTROL_GROUP="X" VERSIONABLE="true">
<foxml:datastreamVersion ID="rightsMetadata.0" LABEL="" CREATED="2010-07-30T18:42:11.199Z" MIMETYPE="text/xml" SIZE="439">
<foxml:xmlContent>
<rightsMetadata xmlns="http://hydra-collab.stanford.edu/schemas/rightsMetadata/v1" version="0.1">
  <copyright>
    <human></human>
  </copyright>
  <access type="discover">
    <human></human>
    <machine></machine>
  </access>
  <access type="read">
    <human></human>
    <machine></machine>
  </access>
  <access type="edit">
    <human></human>
    <machine>
      <group>archivist</group>
    </machine>
  </access>
</rightsMetadata>
</foxml:xmlContent>
</foxml:datastreamVersion>
</foxml:datastream>
<foxml:datastream ID="properties" STATE="A" CONTROL_GROUP="X" VERSIONABLE="true">
<foxml:datastreamVersion ID="properties.0" LABEL="" CREATED="2010-07-30T18:42:11.253Z" MIMETYPE="text/xml" SIZE="56">
<foxml:xmlContent>
<fields>
  <depositor>archivist1</depositor>
</fields>
</foxml:xmlContent>
</foxml:datastreamVersion>
</foxml:datastream>
</foxml:digitalObject>