<?xml version="1.0" encoding="UTF-8"?>
<foxml:digitalObject VERSION="1.1" PID="hydrangea:fixture_mods_article3"
xmlns:foxml="info:fedora/fedora-system:def/foxml#"
xmlns:xsi="http://www.w3.org/2001/XMLSchema-instance"
xsi:schemaLocation="info:fedora/fedora-system:def/foxml# http://www.fedora.info/definitions/1/0/foxml1-1.xsd">
<foxml:objectProperties>
<foxml:property NAME="info:fedora/fedora-system:def/model#state" VALUE="Active"/>
<foxml:property NAME="info:fedora/fedora-system:def/model#label" VALUE=""/>
<foxml:property NAME="info:fedora/fedora-system:def/model#ownerId" VALUE="fedoraAdmin"/>
<foxml:property NAME="info:fedora/fedora-system:def/model#createdDate" VALUE="1998-08-01T21:22:23.301Z"/>
<foxml:property NAME="info:fedora/fedora-system:def/view#lastModifiedDate" VALUE="2010-08-02T13:14:15.688Z"/>
</foxml:objectProperties>
<foxml:datastream ID="descMetadata" STATE="A" CONTROL_GROUP="X" VERSIONABLE="true">
<foxml:datastreamVersion ID="descMetadata.0" LABEL="" CREATED="2010-06-17T19:56:22.150Z" MIMETYPE="text/xml" SIZE="19">
<foxml:xmlContent>
  <mods version="3.0" xsi:schemaLocation="http://www.loc.gov/mods/v3
   http://www.loc.gov/standards/mods/v3/mods-3-0.xsd" xmlns="http://www.loc.gov/mods/v3" xmlns:xsi="http://www.w3.org/2001/XMLSchema-instance">

      <titleInfo>
          <nonSort>THE</nonSort>
          <title>Test Article</title>
          <subTitle>SUBTITLE</subTitle>
      </titleInfo>
      <titleInfo type="alternative">
          <title>Alternative Test Article Title</title>
      </titleInfo>

      <name type="personal">
          <namePart type="family">Smith</namePart>
          <namePart type="given">John</namePart>
          <namePart type="termsOfAddress">DR.</namePart>
          <displayForm>Dr. John Smith</displayForm>
          <affiliation>FACULTY, UNIVERSITY</affiliation>    
          <role> 
              <roleTerm authority="marcrelator" type="text">creator</roleTerm>
          </role>
          <role>
              <roleTerm type="text">submitter</roleTerm>
          </role>
      </name>
      <name type="personal">
          <namePart type="family">Lacks</namePart>
          <namePart type="given">Henrietta</namePart>
          <displayForm>HeLa</displayForm>
          <affiliation>Baltimore</affiliation>    
          <role>
              <roleTerm type="text">contributor</roleTerm>
          </role>
      </name>

      <typeOfResource>text</typeOfResource>
      <genre authority="local">journal article</genre>

      <abstract>ABSTRACT</abstract>
      <subject>
          <topic>TOPIC 1</topic>
          <topic>TOPIC 2</topic>
      </subject>
      <subject authority="AUTHORITY SOURCE (RFCD, LCSH)">
          <topic>CONTROLLED TERM</topic>
      </subject>

      <language>
          <languageTerm authority="iso639-2b" type="code">en-aus </languageTerm>
      </language>

      <physicalDescription>
          <internetMediaType>application/pdf</internetMediaType>
          <extent>36 p.</extent>
      </physicalDescription>

      <relatedItem type="host">
          <titleInfo>
              <title>The Journal of Mock Object</title>
          </titleInfo>
          <originInfo>
              <publisher>PUBLISHER</publisher>
              <dateIssued>DATE</dateIssued>
          </originInfo>
          <identifier type="issn">1234-5678</identifier>
          <part>
              <detail type="volume">
                  <number>2</number>
              </detail>
              <detail type="level">
                  <number>2</number>
              </detail>
              <extent unit="pages">
                  <start>195</start>
                  <end>230</end>
              </extent>
              <date>FEB. 2007</date>
          </part>            
      </relatedItem>

      <identifier type="uri">http://example.com/foo</identifier>
      <identifier type="doi">doi:10.1006/jmbi.1995.0238</identifier>
      <location>
          <url>http://example.com/foo</url>
      </location>        
      <accessCondition type="restrictionOnAccess">EMBARGO NOTE</accessCondition>
      <accessCondition type="use and reproduction">OPEN ACCESS</accessCondition>

  </mods>
</foxml:xmlContent>
</foxml:datastreamVersion>
</foxml:datastream>
<foxml:datastream ID="RELS-EXT" STATE="A" CONTROL_GROUP="X" VERSIONABLE="true">
<foxml:datastreamVersion ID="RELS-EXT.0" LABEL="" CREATED="2010-06-17T19:56:22.353Z" MIMETYPE="text/xml" SIZE="306">
<foxml:xmlContent>
<rdf:RDF xmlns:rdf="http://www.w3.org/1999/02/22-rdf-syntax-ns#">
  <rdf:Description rdf:about="info:fedora/hydrangea:fixture_mods_article3">
    <hasModel xmlns="info:fedora/fedora-system:def/relations-external#" rdf:resource="info:fedora/afmodel:HydrangeaArticle"></hasModel>
  </rdf:Description>
</rdf:RDF>
</foxml:xmlContent>
</foxml:datastreamVersion>
</foxml:datastream>
<foxml:datastream ID="rightsMetadata" STATE="A" CONTROL_GROUP="X" VERSIONABLE="true">
<foxml:datastreamVersion ID="rightsMetadata.0" LABEL="" CREATED="2010-06-17T19:56:23.335Z" MIMETYPE="text/xml" SIZE="19">
<foxml:xmlContent>
  <rightsMetadata xmlns="http://hydra-collab.stanford.edu/schemas/rightsMetadata/v1">
      <copyright>
        <human>(c)2009 The Hydra Project</human>
        <human type="someSpecialisedType">Blah Blah</human>
        <human type="aDifferentType">More blah</human>
    		<machine><a rel="license" href="http://creativecommons.org/licenses/publicdomain/"><img alt="Creative Commons License" style="border-width:0" src="http://i.creativecommons.org/l/publicdomain/88x31.png" /></a><br />This work is in the <a rel="license" href="http://creativecommons.org/licenses/publicdomain/">Public Domain</a>.</machine>
  	</copyright>
  	<access type="discover">
  		<human></human>
  		<machine>
  		  
		  <!-- this is a hack. should be nested in a <machine> tag -->
  			<policy>hydra-policy:4502</policy>
        <group>public</group>
      </machine>
  	</access>
  	<access type="read">
  		<human></human>
  		<machine>
        <group>researcher</group>
      </machine>
  	</access>
  	<access type="edit">
  		<human></human>
  		<machine>
        <person>researcher1</person>
        <group>archivist</group>
      </machine>
  	</access>
    <access type="etc">
            <!-- etc -->
    </access>
  	<use>
  		<human>You are free to re-distribute this object, but you cannot change it or sell it. </human>
  		<machine><a rel="license" href="http://creativecommons.org/licenses/by-nc-nd/3.0/us/"><img alt="Creative Commons License" style="border-width:0" src="http://i.creativecommons.org/l/by-nc-nd/3.0/us/88x31.png" /></a><br />This <span xmlns:dc="http://purl.org/dc/elements/1.1/" href="http://purl.org/dc/dcmitype/Sound" rel="dc:type">work</span> is licensed under a <a rel="license" href="http://creativecommons.org/licenses/by-nc-nd/3.0/us/">Creative Commons Attribution-Noncommercial-No Derivative Works 3.0 United States License</a>.</machine>
  	</use>

  </rightsMetadata>
</foxml:xmlContent>
</foxml:datastreamVersion>
</foxml:datastream>
<foxml:datastream ID="properties" STATE="A" CONTROL_GROUP="X" VERSIONABLE="true">
<foxml:datastreamVersion ID="properties.0" LABEL="" CREATED="2010-06-17T19:56:23.477Z" MIMETYPE="text/xml" SIZE="19">
<foxml:xmlContent>
<fields></fields>
</foxml:xmlContent>
</foxml:datastreamVersion>
</foxml:datastream>
</foxml:digitalObject>