<?xml version="1.0" encoding="UTF-8"?>
<foxml:digitalObject VERSION="1.1" PID="hydrus:admin_class1"
xmlns:foxml="info:fedora/fedora-system:def/foxml#"
xmlns:xsi="http://www.w3.org/2001/XMLSchema-instance"
xsi:schemaLocation="info:fedora/fedora-system:def/foxml# http://www.fedora.info/definitions/1/0/foxml1-1.xsd">
<foxml:objectProperties>
<foxml:property NAME="info:fedora/fedora-system:def/model#state" VALUE="Active"/>
<foxml:property NAME="info:fedora/fedora-system:def/model#label" VALUE=""/>
<foxml:property NAME="info:fedora/fedora-system:def/model#ownerId" VALUE="fedoraAdmin"/>
<foxml:property NAME="info:fedora/fedora-system:def/model#createdDate" VALUE="2011-02-12T19:02:33.427Z"/>
<foxml:property NAME="info:fedora/fedora-system:def/view#lastModifiedDate" VALUE="2011-02-14T19:25:26.747Z"/>
</foxml:objectProperties>
<foxml:datastream ID="AUDIT" STATE="A" CONTROL_GROUP="X" VERSIONABLE="false">
<foxml:datastreamVersion ID="AUDIT.0" LABEL="Audit Trail for this object" CREATED="2011-02-12T19:02:33.427Z" MIMETYPE="text/xml" FORMAT_URI="info:fedora/fedora-system:format/xml.fedora.audit">
<foxml:xmlContent>
<audit:auditTrail xmlns:audit="info:fedora/fedora-system:def/audit#">
<audit:record ID="AUDREC1">
<audit:process type="Fedora API-M"/>
<audit:action>addDatastream</audit:action>
<audit:componentID>defaultObjectRights</audit:componentID>
<audit:responsibility>fedoraAdmin</audit:responsibility>
<audit:date>2011-02-12T19:02:33.572Z</audit:date>
<audit:justification></audit:justification>
</audit:record>
<audit:record ID="AUDREC2">
<audit:process type="Fedora API-M"/>
<audit:action>addDatastream</audit:action>
<audit:componentID>identityMetadata</audit:componentID>
<audit:responsibility>fedoraAdmin</audit:responsibility>
<audit:date>2011-02-12T19:02:33.595Z</audit:date>
<audit:justification></audit:justification>
</audit:record>
<audit:record ID="AUDREC3">
<audit:process type="Fedora API-M"/>
<audit:action>addDatastream</audit:action>
<audit:componentID>RELS-EXT</audit:componentID>
<audit:responsibility>fedoraAdmin</audit:responsibility>
<audit:date>2011-02-12T19:02:33.628Z</audit:date>
<audit:justification></audit:justification>
</audit:record>
<audit:record ID="AUDREC4">
<audit:process type="Fedora API-M"/>
<audit:action>addDatastream</audit:action>
<audit:componentID>administrativeMetadata</audit:componentID>
<audit:responsibility>fedoraAdmin</audit:responsibility>
<audit:date>2011-02-12T19:02:33.658Z</audit:date>
<audit:justification></audit:justification>
</audit:record>
<audit:record ID="AUDREC5">
<audit:process type="Fedora API-M"/>
<audit:action>addDatastream</audit:action>
<audit:componentID>rightsMetadata</audit:componentID>
<audit:responsibility>fedoraAdmin</audit:responsibility>
<audit:date>2011-02-12T19:02:33.707Z</audit:date>
<audit:justification></audit:justification>
</audit:record>
<audit:record ID="AUDREC6">
<audit:process type="Fedora API-M"/>
<audit:action>modifyDatastreamByValue</audit:action>
<audit:componentID>DC</audit:componentID>
<audit:responsibility>fedoraAdmin</audit:responsibility>
<audit:date>2011-02-12T19:02:33.741Z</audit:date>
<audit:justification></audit:justification>
</audit:record>
<audit:record ID="AUDREC7">
<audit:process type="Fedora API-M"/>
<audit:action>modifyDatastreamByValue</audit:action>
<audit:componentID>DC</audit:componentID>
<audit:responsibility>fedoraAdmin</audit:responsibility>
<audit:date>2011-02-12T19:21:11.890Z</audit:date>
<audit:justification></audit:justification>
</audit:record>
</audit:auditTrail>
</foxml:xmlContent>
</foxml:datastreamVersion>
</foxml:datastream>
<foxml:datastream ID="DC" STATE="A" CONTROL_GROUP="X" VERSIONABLE="true">
<foxml:datastreamVersion ID="DC1.0" LABEL="Dublin Core Record for this object" CREATED="2011-02-12T19:02:33.427Z" MIMETYPE="text/xml" FORMAT_URI="http://www.openarchives.org/OAI/2.0/oai_dc/" SIZE="522">
<foxml:xmlContent>
<oai_dc:dc xmlns:oai_dc="http://www.openarchives.org/OAI/2.0/oai_dc/" xmlns:dc="http://purl.org/dc/elements/1.1/" xmlns:xsi="http://www.w3.org/2001/XMLSchema-instance" xsi:schemaLocation="http://www.openarchives.org/OAI/2.0/oai_dc/ http://www.openarchives.org/OAI/2.0/oai_dc.xsd">
  <dc:title>Electronic Theses and Dissertations</dc:title>
  <dc:description>This is a test object for Stanford admin class</dc:description>
  <dc:identifier>hydrus:admin_class1</dc:identifier>
  <dc:language>eng</dc:language>
</oai_dc:dc>
</foxml:xmlContent>
</foxml:datastreamVersion>
</foxml:datastream>
<foxml:datastream ID="defaultObjectRights" STATE="A" CONTROL_GROUP="X" VERSIONABLE="true">
<foxml:datastreamVersion ID="defaultObjectRights.0" LABEL="" CREATED="2011-02-12T19:02:33.572Z" MIMETYPE="text/xml" SIZE="13">
<foxml:xmlContent>
<xml></xml>
</foxml:xmlContent>
</foxml:datastreamVersion>
</foxml:datastream>
<foxml:datastream ID="identityMetadata" STATE="A" CONTROL_GROUP="X" VERSIONABLE="true">
<foxml:datastreamVersion ID="identityMetadata.0" LABEL="" CREATED="2011-02-12T19:02:33.595Z" MIMETYPE="text/xml" SIZE="293">
<foxml:xmlContent>
<identityMetadata>
          <objectId>druid:rt923jk342</objectId>
          <objectType>adminClass</objectType>
          <objectLabel>Electronic Theses and Dissertations</objectLabel>
          <otherId name="uuid">7f3da130-7b02-11de-8a39-0800200c9a66</otherId>
        </identityMetadata>
</foxml:xmlContent>
</foxml:datastreamVersion>
</foxml:datastream>
<foxml:datastream ID="RELS-EXT" STATE="A" CONTROL_GROUP="X" VERSIONABLE="true">
<foxml:datastreamVersion ID="RELS-EXT.0" LABEL="" CREATED="2011-02-12T19:02:33.628Z" MIMETYPE="text/xml" SIZE="315">
<foxml:xmlContent>
<rdf:RDF xmlns:rdf="http://www.w3.org/1999/02/22-rdf-syntax-ns#">
          <rdf:Description rdf:about="info:fedora/hydrus:admin_class1">
            <hasModel xmlns="info:fedora/fedora-system:def/model#" rdf:resource="info:fedora/afmodel:AdminPolicyObject"></hasModel>
          </rdf:Description>
        </rdf:RDF>
</foxml:xmlContent>
</foxml:datastreamVersion>
</foxml:datastream>
<foxml:datastream ID="administrativeMetadata" STATE="A" CONTROL_GROUP="X" VERSIONABLE="true">
<foxml:datastreamVersion ID="administrativeMetadata.0" LABEL="" CREATED="2011-02-12T19:02:33.658Z" MIMETYPE="text/xml" SIZE="1128">
<foxml:xmlContent>
<administrativeMetadata>
          <depositType>self</depositType>
          <depositStatus>closed</depositStatus>
          <administrator>
            <identifier type="sunetid">cfitz</identifier>
            <name>Fitzpatrick, Chris</name>
          </administrator>
          <administrator>
            <identifier type="sunetid">dblack</identifier>
            <name>Black, Delores</name>
          </administrator>
          <depositor>
            <identifier type="sunetid">ggreen</identifier>
            <name>Green, Greg</name>
          </depositor>
          <depositor>
            <identifier type="group">pasig:2011attendees</identifier>
            <name>Conference attendees</name>
          </depositor>
          <accessOverride> none-allowed | can be made more restrictive only | freely changeable <accessOverride>
              <embargoChoice sequence="1">6 months</embargoChoice>
              <embargoChoice sequence="1">1 year</embargoChoice>
              <embargoChoice sequence="1">2 years</embargoChoice>
            </accessOverride>
          </accessOverride>
        </administrativeMetadata>
</foxml:xmlContent>
</foxml:datastreamVersion>
</foxml:datastream>
<foxml:datastream ID="rightsMetadata" STATE="A" CONTROL_GROUP="X" VERSIONABLE="true">
<foxml:datastreamVersion ID="rightsMetadata.0" LABEL="" CREATED="2011-02-12T19:02:33.707Z" MIMETYPE="text/xml" SIZE="728">
<foxml:xmlContent>
<rightsMetadata>
          <copyright>
            <human type="copyright">This work is in the Public Domain.</human>
          </copyright>
          <access type="discover"></access>
          <access type="read">
            <human>This document is available only to the Stanford faculty, staff and student
              community</human>
            <machine>
              <person>author_id</person>
              <group>stanford</group>
              <group>stem:group</group>
            </machine>
          </access>
          <use>
            <human type="creativecommons">Attribution Share Alike license</human>
            <machine type="creativecommons">by-sa</machine>
          </use>
        </rightsMetadata>
</foxml:xmlContent>
</foxml:datastreamVersion>
</foxml:datastream>
</foxml:digitalObject>
