<?xml version="1.0" encoding="UTF-8"?>
<foxml:digitalObject VERSION="1.1" PID="libra-oa:7"
xmlns:foxml="info:fedora/fedora-system:def/foxml#"
xmlns:xsi="http://www.w3.org/2001/XMLSchema-instance"
xsi:schemaLocation="info:fedora/fedora-system:def/foxml# http://www.fedora.info/definitions/1/0/foxml1-1.xsd">
<foxml:objectProperties>
<foxml:property NAME="info:fedora/fedora-system:def/model#state" VALUE="Active"/>
<foxml:property NAME="info:fedora/fedora-system:def/model#label" VALUE=""/>
<foxml:property NAME="info:fedora/fedora-system:def/model#ownerId" VALUE="fedoraAdmin"/>
<foxml:property NAME="info:fedora/fedora-system:def/model#createdDate" VALUE="2011-01-25T20:19:15.837Z"/>
<foxml:property NAME="info:fedora/fedora-system:def/view#lastModifiedDate" VALUE="2011-01-25T20:22:46.796Z"/>
</foxml:objectProperties>
<foxml:datastream ID="AUDIT" STATE="A" CONTROL_GROUP="X" VERSIONABLE="false">
<foxml:datastreamVersion ID="AUDIT.0" LABEL="Audit Trail for this object" CREATED="2011-01-25T20:19:15.837Z" MIMETYPE="text/xml" FORMAT_URI="info:fedora/fedora-system:format/xml.fedora.audit">
<foxml:xmlContent>
<audit:auditTrail xmlns:audit="info:fedora/fedora-system:def/audit#">
<audit:record ID="AUDREC1">
<audit:process type="Fedora API-M"/>
<audit:action>addDatastream</audit:action>
<audit:componentID>descMetadata</audit:componentID>
<audit:responsibility>fedoraAdmin</audit:responsibility>
<audit:date>2011-01-25T20:19:16.152Z</audit:date>
<audit:justification></audit:justification>
</audit:record>
<audit:record ID="AUDREC2">
<audit:process type="Fedora API-M"/>
<audit:action>addDatastream</audit:action>
<audit:componentID>RELS-EXT</audit:componentID>
<audit:responsibility>fedoraAdmin</audit:responsibility>
<audit:date>2011-01-25T20:19:16.226Z</audit:date>
<audit:justification></audit:justification>
</audit:record>
<audit:record ID="AUDREC3">
<audit:process type="Fedora API-M"/>
<audit:action>addDatastream</audit:action>
<audit:componentID>rightsMetadata</audit:componentID>
<audit:responsibility>fedoraAdmin</audit:responsibility>
<audit:date>2011-01-25T20:19:16.287Z</audit:date>
<audit:justification></audit:justification>
</audit:record>
<audit:record ID="AUDREC4">
<audit:process type="Fedora API-M"/>
<audit:action>addDatastream</audit:action>
<audit:componentID>properties</audit:componentID>
<audit:responsibility>fedoraAdmin</audit:responsibility>
<audit:date>2011-01-25T20:19:16.364Z</audit:date>
<audit:justification></audit:justification>
</audit:record>
<audit:record ID="AUDREC5">
<audit:process type="Fedora API-M"/>
<audit:action>modifyObject</audit:action>
<audit:componentID></audit:componentID>
<audit:responsibility>fedoraAdmin</audit:responsibility>
<audit:date>2011-01-25T20:19:37.521Z</audit:date>
<audit:justification></audit:justification>
</audit:record>
<audit:record ID="AUDREC6">
<audit:process type="Fedora API-M"/>
<audit:action>modifyDatastreamByValue</audit:action>
<audit:componentID>descMetadata</audit:componentID>
<audit:responsibility>fedoraAdmin</audit:responsibility>
<audit:date>2011-01-25T20:19:37.573Z</audit:date>
<audit:justification></audit:justification>
</audit:record>
<audit:record ID="AUDREC7">
<audit:process type="Fedora API-M"/>
<audit:action>modifyObject</audit:action>
<audit:componentID></audit:componentID>
<audit:responsibility>fedoraAdmin</audit:responsibility>
<audit:date>2011-01-25T20:19:42.558Z</audit:date>
<audit:justification></audit:justification>
</audit:record>
<audit:record ID="AUDREC8">
<audit:process type="Fedora API-M"/>
<audit:action>modifyDatastreamByValue</audit:action>
<audit:componentID>descMetadata</audit:componentID>
<audit:responsibility>fedoraAdmin</audit:responsibility>
<audit:date>2011-01-25T20:19:42.635Z</audit:date>
<audit:justification></audit:justification>
</audit:record>
<audit:record ID="AUDREC9">
<audit:process type="Fedora API-M"/>
<audit:action>modifyObject</audit:action>
<audit:componentID></audit:componentID>
<audit:responsibility>fedoraAdmin</audit:responsibility>
<audit:date>2011-01-25T20:19:58.384Z</audit:date>
<audit:justification></audit:justification>
</audit:record>
<audit:record ID="AUDREC10">
<audit:process type="Fedora API-M"/>
<audit:action>modifyDatastreamByValue</audit:action>
<audit:componentID>descMetadata</audit:componentID>
<audit:responsibility>fedoraAdmin</audit:responsibility>
<audit:date>2011-01-25T20:19:58.454Z</audit:date>
<audit:justification></audit:justification>
</audit:record>
<audit:record ID="AUDREC11">
<audit:process type="Fedora API-M"/>
<audit:action>modifyObject</audit:action>
<audit:componentID></audit:componentID>
<audit:responsibility>fedoraAdmin</audit:responsibility>
<audit:date>2011-01-25T20:20:10.350Z</audit:date>
<audit:justification></audit:justification>
</audit:record>
<audit:record ID="AUDREC12">
<audit:process type="Fedora API-M"/>
<audit:action>modifyDatastreamByValue</audit:action>
<audit:componentID>rightsMetadata</audit:componentID>
<audit:responsibility>fedoraAdmin</audit:responsibility>
<audit:date>2011-01-25T20:20:10.448Z</audit:date>
<audit:justification></audit:justification>
</audit:record>
<audit:record ID="AUDREC13">
<audit:process type="Fedora API-M"/>
<audit:action>modifyObject</audit:action>
<audit:componentID></audit:componentID>
<audit:responsibility>fedoraAdmin</audit:responsibility>
<audit:date>2011-01-25T20:20:19.942Z</audit:date>
<audit:justification></audit:justification>
</audit:record>
<audit:record ID="AUDREC14">
<audit:process type="Fedora API-M"/>
<audit:action>modifyObject</audit:action>
<audit:componentID></audit:componentID>
<audit:responsibility>fedoraAdmin</audit:responsibility>
<audit:date>2011-01-25T20:20:25.965Z</audit:date>
<audit:justification></audit:justification>
</audit:record>
<audit:record ID="AUDREC15">
<audit:process type="Fedora API-M"/>
<audit:action>modifyDatastreamByValue</audit:action>
<audit:componentID>descMetadata</audit:componentID>
<audit:responsibility>fedoraAdmin</audit:responsibility>
<audit:date>2011-01-25T20:20:26.063Z</audit:date>
<audit:justification></audit:justification>
</audit:record>
<audit:record ID="AUDREC16">
<audit:process type="Fedora API-M"/>
<audit:action>modifyObject</audit:action>
<audit:componentID></audit:componentID>
<audit:responsibility>fedoraAdmin</audit:responsibility>
<audit:date>2011-01-25T20:20:27.734Z</audit:date>
<audit:justification></audit:justification>
</audit:record>
<audit:record ID="AUDREC17">
<audit:process type="Fedora API-M"/>
<audit:action>modifyDatastreamByValue</audit:action>
<audit:componentID>descMetadata</audit:componentID>
<audit:responsibility>fedoraAdmin</audit:responsibility>
<audit:date>2011-01-25T20:20:27.797Z</audit:date>
<audit:justification></audit:justification>
</audit:record>
<audit:record ID="AUDREC18">
<audit:process type="Fedora API-M"/>
<audit:action>modifyObject</audit:action>
<audit:componentID></audit:componentID>
<audit:responsibility>fedoraAdmin</audit:responsibility>
<audit:date>2011-01-25T20:20:33.030Z</audit:date>
<audit:justification></audit:justification>
</audit:record>
<audit:record ID="AUDREC19">
<audit:process type="Fedora API-M"/>
<audit:action>modifyDatastreamByValue</audit:action>
<audit:componentID>descMetadata</audit:componentID>
<audit:responsibility>fedoraAdmin</audit:responsibility>
<audit:date>2011-01-25T20:20:33.108Z</audit:date>
<audit:justification></audit:justification>
</audit:record>
<audit:record ID="AUDREC20">
<audit:process type="Fedora API-M"/>
<audit:action>modifyObject</audit:action>
<audit:componentID></audit:componentID>
<audit:responsibility>fedoraAdmin</audit:responsibility>
<audit:date>2011-01-25T20:20:35.112Z</audit:date>
<audit:justification></audit:justification>
</audit:record>
<audit:record ID="AUDREC21">
<audit:process type="Fedora API-M"/>
<audit:action>modifyDatastreamByValue</audit:action>
<audit:componentID>descMetadata</audit:componentID>
<audit:responsibility>fedoraAdmin</audit:responsibility>
<audit:date>2011-01-25T20:20:35.158Z</audit:date>
<audit:justification></audit:justification>
</audit:record>
<audit:record ID="AUDREC22">
<audit:process type="Fedora API-M"/>
<audit:action>modifyObject</audit:action>
<audit:componentID></audit:componentID>
<audit:responsibility>fedoraAdmin</audit:responsibility>
<audit:date>2011-01-25T20:20:36.882Z</audit:date>
<audit:justification></audit:justification>
</audit:record>
<audit:record ID="AUDREC23">
<audit:process type="Fedora API-M"/>
<audit:action>modifyDatastreamByValue</audit:action>
<audit:componentID>descMetadata</audit:componentID>
<audit:responsibility>fedoraAdmin</audit:responsibility>
<audit:date>2011-01-25T20:20:36.943Z</audit:date>
<audit:justification></audit:justification>
</audit:record>
<audit:record ID="AUDREC24">
<audit:process type="Fedora API-M"/>
<audit:action>modifyObject</audit:action>
<audit:componentID></audit:componentID>
<audit:responsibility>fedoraAdmin</audit:responsibility>
<audit:date>2011-01-25T20:20:38.745Z</audit:date>
<audit:justification></audit:justification>
</audit:record>
<audit:record ID="AUDREC25">
<audit:process type="Fedora API-M"/>
<audit:action>modifyDatastreamByValue</audit:action>
<audit:componentID>descMetadata</audit:componentID>
<audit:responsibility>fedoraAdmin</audit:responsibility>
<audit:date>2011-01-25T20:20:38.811Z</audit:date>
<audit:justification></audit:justification>
</audit:record>
<audit:record ID="AUDREC26">
<audit:process type="Fedora API-M"/>
<audit:action>modifyObject</audit:action>
<audit:componentID></audit:componentID>
<audit:responsibility>fedoraAdmin</audit:responsibility>
<audit:date>2011-01-25T20:20:41.312Z</audit:date>
<audit:justification></audit:justification>
</audit:record>
<audit:record ID="AUDREC27">
<audit:process type="Fedora API-M"/>
<audit:action>modifyDatastreamByValue</audit:action>
<audit:componentID>descMetadata</audit:componentID>
<audit:responsibility>fedoraAdmin</audit:responsibility>
<audit:date>2011-01-25T20:20:41.363Z</audit:date>
<audit:justification></audit:justification>
</audit:record>
<audit:record ID="AUDREC28">
<audit:process type="Fedora API-M"/>
<audit:action>modifyObject</audit:action>
<audit:componentID></audit:componentID>
<audit:responsibility>fedoraAdmin</audit:responsibility>
<audit:date>2011-01-25T20:20:46.522Z</audit:date>
<audit:justification></audit:justification>
</audit:record>
<audit:record ID="AUDREC29">
<audit:process type="Fedora API-M"/>
<audit:action>modifyDatastreamByValue</audit:action>
<audit:componentID>descMetadata</audit:componentID>
<audit:responsibility>fedoraAdmin</audit:responsibility>
<audit:date>2011-01-25T20:20:46.590Z</audit:date>
<audit:justification></audit:justification>
</audit:record>
<audit:record ID="AUDREC30">
<audit:process type="Fedora API-M"/>
<audit:action>modifyObject</audit:action>
<audit:componentID></audit:componentID>
<audit:responsibility>fedoraAdmin</audit:responsibility>
<audit:date>2011-01-25T20:20:48.357Z</audit:date>
<audit:justification></audit:justification>
</audit:record>
<audit:record ID="AUDREC31">
<audit:process type="Fedora API-M"/>
<audit:action>modifyDatastreamByValue</audit:action>
<audit:componentID>descMetadata</audit:componentID>
<audit:responsibility>fedoraAdmin</audit:responsibility>
<audit:date>2011-01-25T20:20:48.422Z</audit:date>
<audit:justification></audit:justification>
</audit:record>
<audit:record ID="AUDREC32">
<audit:process type="Fedora API-M"/>
<audit:action>modifyObject</audit:action>
<audit:componentID></audit:componentID>
<audit:responsibility>fedoraAdmin</audit:responsibility>
<audit:date>2011-01-25T20:21:00.898Z</audit:date>
<audit:justification></audit:justification>
</audit:record>
<audit:record ID="AUDREC33">
<audit:process type="Fedora API-M"/>
<audit:action>modifyDatastreamByValue</audit:action>
<audit:componentID>descMetadata</audit:componentID>
<audit:responsibility>fedoraAdmin</audit:responsibility>
<audit:date>2011-01-25T20:21:00.954Z</audit:date>
<audit:justification></audit:justification>
</audit:record>
<audit:record ID="AUDREC34">
<audit:process type="Fedora API-M"/>
<audit:action>modifyObject</audit:action>
<audit:componentID></audit:componentID>
<audit:responsibility>fedoraAdmin</audit:responsibility>
<audit:date>2011-01-25T20:21:04.038Z</audit:date>
<audit:justification></audit:justification>
</audit:record>
<audit:record ID="AUDREC35">
<audit:process type="Fedora API-M"/>
<audit:action>modifyDatastreamByValue</audit:action>
<audit:componentID>descMetadata</audit:componentID>
<audit:responsibility>fedoraAdmin</audit:responsibility>
<audit:date>2011-01-25T20:21:04.111Z</audit:date>
<audit:justification></audit:justification>
</audit:record>
<audit:record ID="AUDREC36">
<audit:process type="Fedora API-M"/>
<audit:action>modifyObject</audit:action>
<audit:componentID></audit:componentID>
<audit:responsibility>fedoraAdmin</audit:responsibility>
<audit:date>2011-01-25T20:21:06.762Z</audit:date>
<audit:justification></audit:justification>
</audit:record>
<audit:record ID="AUDREC37">
<audit:process type="Fedora API-M"/>
<audit:action>modifyDatastreamByValue</audit:action>
<audit:componentID>descMetadata</audit:componentID>
<audit:responsibility>fedoraAdmin</audit:responsibility>
<audit:date>2011-01-25T20:21:06.866Z</audit:date>
<audit:justification></audit:justification>
</audit:record>
<audit:record ID="AUDREC38">
<audit:process type="Fedora API-M"/>
<audit:action>modifyObject</audit:action>
<audit:componentID></audit:componentID>
<audit:responsibility>fedoraAdmin</audit:responsibility>
<audit:date>2011-01-25T20:21:08.886Z</audit:date>
<audit:justification></audit:justification>
</audit:record>
<audit:record ID="AUDREC39">
<audit:process type="Fedora API-M"/>
<audit:action>modifyDatastreamByValue</audit:action>
<audit:componentID>descMetadata</audit:componentID>
<audit:responsibility>fedoraAdmin</audit:responsibility>
<audit:date>2011-01-25T20:21:08.948Z</audit:date>
<audit:justification></audit:justification>
</audit:record>
<audit:record ID="AUDREC40">
<audit:process type="Fedora API-M"/>
<audit:action>modifyObject</audit:action>
<audit:componentID></audit:componentID>
<audit:responsibility>fedoraAdmin</audit:responsibility>
<audit:date>2011-01-25T20:21:14.856Z</audit:date>
<audit:justification></audit:justification>
</audit:record>
<audit:record ID="AUDREC41">
<audit:process type="Fedora API-M"/>
<audit:action>modifyDatastreamByValue</audit:action>
<audit:componentID>descMetadata</audit:componentID>
<audit:responsibility>fedoraAdmin</audit:responsibility>
<audit:date>2011-01-25T20:21:14.935Z</audit:date>
<audit:justification></audit:justification>
</audit:record>
<audit:record ID="AUDREC42">
<audit:process type="Fedora API-M"/>
<audit:action>modifyObject</audit:action>
<audit:componentID></audit:componentID>
<audit:responsibility>fedoraAdmin</audit:responsibility>
<audit:date>2011-01-25T20:21:41.364Z</audit:date>
<audit:justification></audit:justification>
</audit:record>
<audit:record ID="AUDREC43">
<audit:process type="Fedora API-M"/>
<audit:action>modifyDatastreamByValue</audit:action>
<audit:componentID>descMetadata</audit:componentID>
<audit:responsibility>fedoraAdmin</audit:responsibility>
<audit:date>2011-01-25T20:21:41.422Z</audit:date>
<audit:justification></audit:justification>
</audit:record>
<audit:record ID="AUDREC44">
<audit:process type="Fedora API-M"/>
<audit:action>modifyObject</audit:action>
<audit:componentID></audit:componentID>
<audit:responsibility>fedoraAdmin</audit:responsibility>
<audit:date>2011-01-25T20:21:43.263Z</audit:date>
<audit:justification></audit:justification>
</audit:record>
<audit:record ID="AUDREC45">
<audit:process type="Fedora API-M"/>
<audit:action>modifyDatastreamByValue</audit:action>
<audit:componentID>descMetadata</audit:componentID>
<audit:responsibility>fedoraAdmin</audit:responsibility>
<audit:date>2011-01-25T20:21:43.343Z</audit:date>
<audit:justification></audit:justification>
</audit:record>
<audit:record ID="AUDREC46">
<audit:process type="Fedora API-M"/>
<audit:action>modifyObject</audit:action>
<audit:componentID></audit:componentID>
<audit:responsibility>fedoraAdmin</audit:responsibility>
<audit:date>2011-01-25T20:21:46.332Z</audit:date>
<audit:justification></audit:justification>
</audit:record>
<audit:record ID="AUDREC47">
<audit:process type="Fedora API-M"/>
<audit:action>modifyDatastreamByValue</audit:action>
<audit:componentID>descMetadata</audit:componentID>
<audit:responsibility>fedoraAdmin</audit:responsibility>
<audit:date>2011-01-25T20:21:46.400Z</audit:date>
<audit:justification></audit:justification>
</audit:record>
<audit:record ID="AUDREC48">
<audit:process type="Fedora API-M"/>
<audit:action>modifyObject</audit:action>
<audit:componentID></audit:componentID>
<audit:responsibility>fedoraAdmin</audit:responsibility>
<audit:date>2011-01-25T20:22:40.562Z</audit:date>
<audit:justification></audit:justification>
</audit:record>
<audit:record ID="AUDREC49">
<audit:process type="Fedora API-M"/>
<audit:action>modifyDatastreamByValue</audit:action>
<audit:componentID>descMetadata</audit:componentID>
<audit:responsibility>fedoraAdmin</audit:responsibility>
<audit:date>2011-01-25T20:22:40.656Z</audit:date>
<audit:justification></audit:justification>
</audit:record>
<audit:record ID="AUDREC50">
<audit:process type="Fedora API-M"/>
<audit:action>modifyObject</audit:action>
<audit:componentID></audit:componentID>
<audit:responsibility>fedoraAdmin</audit:responsibility>
<audit:date>2011-01-25T20:22:45.118Z</audit:date>
<audit:justification></audit:justification>
</audit:record>
<audit:record ID="AUDREC51">
<audit:process type="Fedora API-M"/>
<audit:action>modifyDatastreamByValue</audit:action>
<audit:componentID>properties</audit:componentID>
<audit:responsibility>fedoraAdmin</audit:responsibility>
<audit:date>2011-01-25T20:22:45.215Z</audit:date>
<audit:justification></audit:justification>
</audit:record>
<audit:record ID="AUDREC52">
<audit:process type="Fedora API-M"/>
<audit:action>modifyObject</audit:action>
<audit:componentID></audit:componentID>
<audit:responsibility>fedoraAdmin</audit:responsibility>
<audit:date>2011-01-25T20:22:46.731Z</audit:date>
<audit:justification></audit:justification>
</audit:record>
<audit:record ID="AUDREC53">
<audit:process type="Fedora API-M"/>
<audit:action>modifyDatastreamByValue</audit:action>
<audit:componentID>properties</audit:componentID>
<audit:responsibility>fedoraAdmin</audit:responsibility>
<audit:date>2011-01-25T20:22:46.796Z</audit:date>
<audit:justification></audit:justification>
</audit:record>
</audit:auditTrail>
</foxml:xmlContent>
</foxml:datastreamVersion>
</foxml:datastream>
<foxml:datastream ID="DC" STATE="A" CONTROL_GROUP="X" VERSIONABLE="true">
<foxml:datastreamVersion ID="DC1.0" LABEL="Dublin Core Record for this object" CREATED="2011-01-25T20:19:15.837Z" MIMETYPE="text/xml" FORMAT_URI="http://www.openarchives.org/OAI/2.0/oai_dc/" SIZE="342">
<foxml:xmlContent>
<oai_dc:dc xmlns:oai_dc="http://www.openarchives.org/OAI/2.0/oai_dc/" xmlns:dc="http://purl.org/dc/elements/1.1/" xmlns:xsi="http://www.w3.org/2001/XMLSchema-instance" xsi:schemaLocation="http://www.openarchives.org/OAI/2.0/oai_dc/ http://www.openarchives.org/OAI/2.0/oai_dc.xsd">
  <dc:identifier>libra-oa:7</dc:identifier>
</oai_dc:dc>
</foxml:xmlContent>
</foxml:datastreamVersion>
</foxml:datastream>
<foxml:datastream ID="descMetadata" STATE="A" CONTROL_GROUP="X" VERSIONABLE="true">
<foxml:datastreamVersion ID="descMetadata.0" LABEL="" CREATED="2011-01-25T20:19:16.152Z" MIMETYPE="text/xml" SIZE="1464">
<foxml:xmlContent>
<mods xmlns="http://www.loc.gov/mods/v3" xmlns:xlink="http://www.w3.org/1999/xlink" xmlns:xsi="http://www.w3.org/2001/XMLSchema-instance" version="3.3" xsi:schemaLocation="http://www.loc.gov/mods/v3 http://www.loc.gov/standards/mods/v3/mods-3-3.xsd">
  <titleInfo lang="">
    <title></title>
  </titleInfo>
  <name type="personal">
    <namePart type="given"></namePart>
    <namePart type="family"></namePart>
    <affiliation>University of Virginia</affiliation>
    <computing_id></computing_id>
    <description></description>
    <role>
      <roleTerm authority="marcrelator" type="text">Author</roleTerm>
    </role>
  </name>
  <typeOfResource></typeOfResource>
  <genre authority="marcgt"></genre>
  <language>
    <languageTerm authority="iso639-2b" type="code"></languageTerm>
  </language>
  <abstract></abstract>
  <subject>
    <topic></topic>
  </subject>
  <relatedItem type="host">
    <titleInfo>
      <title></title>
    </titleInfo>
    <identifier type="issn"></identifier>
    <originInfo>
      <publisher></publisher>
      <dateIssued></dateIssued>
      <issuance></issuance>
    </originInfo>
    <part>
      <detail type="volume">
        <number></number>
      </detail>
      <detail type="number">
        <number></number>
      </detail>
      <extent unit="pages">
        <start></start>
        <end></end>
      </extent>
      <date></date>
    </part>
  </relatedItem>
  <location>
    <url></url>
  </location>
</mods>
</foxml:xmlContent>
</foxml:datastreamVersion>
<foxml:datastreamVersion ID="descMetadata.1" LABEL="" CREATED="2011-01-25T20:19:37.573Z" MIMETYPE="text/xml" SIZE="1525">
<foxml:xmlContent>
<mods xmlns="http://www.loc.gov/mods/v3" xmlns:xlink="http://www.w3.org/1999/xlink" xmlns:xsi="http://www.w3.org/2001/XMLSchema-instance" version="3.3" xsi:schemaLocation="http://www.loc.gov/mods/v3 http://www.loc.gov/standards/mods/v3/mods-3-3.xsd">
  <titleInfo lang="">
    <title></title>
  </titleInfo>
  <name type="personal">
    <namePart type="given">David</namePart>
    <namePart type="family">Herman</namePart>
    <affiliation>University of Virginia</affiliation>
    <computing_id>dh9a</computing_id>
    <description>Department of Slavic Languages and Literatures</description>
    <role>
      <roleTerm authority="marcrelator" type="text">Author</roleTerm>
    </role>
  </name>
  <typeOfResource></typeOfResource>
  <genre authority="marcgt"></genre>
  <language>
    <languageTerm authority="iso639-2b" type="code"></languageTerm>
  </language>
  <abstract></abstract>
  <subject>
    <topic></topic>
  </subject>
  <relatedItem type="host">
    <titleInfo>
      <title></title>
    </titleInfo>
    <identifier type="issn"></identifier>
    <originInfo>
      <publisher></publisher>
      <dateIssued></dateIssued>
      <issuance></issuance>
    </originInfo>
    <part>
      <detail type="volume">
        <number></number>
      </detail>
      <detail type="number">
        <number></number>
      </detail>
      <extent unit="pages">
        <start></start>
        <end></end>
      </extent>
      <date></date>
    </part>
  </relatedItem>
  <location>
    <url></url>
  </location>
</mods>
</foxml:xmlContent>
</foxml:datastreamVersion>
<foxml:datastreamVersion ID="descMetadata.2" LABEL="" CREATED="2011-01-25T20:19:42.635Z" MIMETYPE="text/xml" SIZE="1525">
<foxml:xmlContent>
<mods xmlns="http://www.loc.gov/mods/v3" xmlns:xlink="http://www.w3.org/1999/xlink" xmlns:xsi="http://www.w3.org/2001/XMLSchema-instance" version="3.3" xsi:schemaLocation="http://www.loc.gov/mods/v3 http://www.loc.gov/standards/mods/v3/mods-3-3.xsd">
  <titleInfo lang="">
    <title></title>
  </titleInfo>
  <name type="personal">
    <namePart type="given">David</namePart>
    <namePart type="family">Herman</namePart>
    <affiliation>University of Virginia</affiliation>
    <computing_id>dh9a</computing_id>
    <description>Department of Slavic Languages and Literatures</description>
    <role>
      <roleTerm authority="marcrelator" type="text">Author</roleTerm>
    </role>
  </name>
  <typeOfResource></typeOfResource>
  <genre authority="marcgt"></genre>
  <language>
    <languageTerm authority="iso639-2b" type="code"></languageTerm>
  </language>
  <abstract></abstract>
  <subject>
    <topic></topic>
  </subject>
  <relatedItem type="host">
    <titleInfo>
      <title></title>
    </titleInfo>
    <identifier type="issn"></identifier>
    <originInfo>
      <publisher></publisher>
      <dateIssued></dateIssued>
      <issuance></issuance>
    </originInfo>
    <part>
      <detail type="volume">
        <number></number>
      </detail>
      <detail type="number">
        <number></number>
      </detail>
      <extent unit="pages">
        <start></start>
        <end></end>
      </extent>
      <date></date>
    </part>
  </relatedItem>
  <location>
    <url></url>
  </location>
</mods>
</foxml:xmlContent>
</foxml:datastreamVersion>
<foxml:datastreamVersion ID="descMetadata.3" LABEL="" CREATED="2011-01-25T20:19:58.454Z" MIMETYPE="text/xml" SIZE="1553">
<foxml:xmlContent>
<mods xmlns="http://www.loc.gov/mods/v3" xmlns:xlink="http://www.w3.org/1999/xlink" xmlns:xsi="http://www.w3.org/2001/XMLSchema-instance" version="3.3" xsi:schemaLocation="http://www.loc.gov/mods/v3 http://www.loc.gov/standards/mods/v3/mods-3-3.xsd">
  <titleInfo lang="">
    <title>Khadzhi-Murat&apos;s Silence</title>
  </titleInfo>
  <name type="personal">
    <namePart type="given">David</namePart>
    <namePart type="family">Herman</namePart>
    <affiliation>University of Virginia</affiliation>
    <computing_id>dh9a</computing_id>
    <description>Department of Slavic Languages and Literatures</description>
    <role>
      <roleTerm authority="marcrelator" type="text">Author</roleTerm>
    </role>
  </name>
  <typeOfResource></typeOfResource>
  <genre authority="marcgt"></genre>
  <language>
    <languageTerm authority="iso639-2b" type="code"></languageTerm>
  </language>
  <abstract></abstract>
  <subject>
    <topic></topic>
  </subject>
  <relatedItem type="host">
    <titleInfo>
      <title></title>
    </titleInfo>
    <identifier type="issn"></identifier>
    <originInfo>
      <publisher></publisher>
      <dateIssued></dateIssued>
      <issuance></issuance>
    </originInfo>
    <part>
      <detail type="volume">
        <number></number>
      </detail>
      <detail type="number">
        <number></number>
      </detail>
      <extent unit="pages">
        <start></start>
        <end></end>
      </extent>
      <date></date>
    </part>
  </relatedItem>
  <location>
    <url></url>
  </location>
</mods>
</foxml:xmlContent>
</foxml:datastreamVersion>
<foxml:datastreamVersion ID="descMetadata.4" LABEL="" CREATED="2011-01-25T20:20:26.063Z" MIMETYPE="text/xml" SIZE="1566">
<foxml:xmlContent>
<mods xmlns="http://www.loc.gov/mods/v3" xmlns:xlink="http://www.w3.org/1999/xlink" xmlns:xsi="http://www.w3.org/2001/XMLSchema-instance" version="3.3" xsi:schemaLocation="http://www.loc.gov/mods/v3 http://www.loc.gov/standards/mods/v3/mods-3-3.xsd">
  <titleInfo lang="">
    <title>Khadzhi-Murat&apos;s Silence</title>
  </titleInfo>
  <name type="personal">
    <namePart type="given">David</namePart>
    <namePart type="family">Herman</namePart>
    <affiliation>University of Virginia</affiliation>
    <computing_id>dh9a</computing_id>
    <description>Department of Slavic Languages and Literatures</description>
    <role>
      <roleTerm authority="marcrelator" type="text">Author</roleTerm>
    </role>
  </name>
  <typeOfResource></typeOfResource>
  <genre authority="marcgt"></genre>
  <language>
    <languageTerm authority="iso639-2b" type="code"></languageTerm>
  </language>
  <abstract></abstract>
  <subject>
    <topic></topic>
  </subject>
  <relatedItem type="host">
    <titleInfo>
      <title>Slavic Review</title>
    </titleInfo>
    <identifier type="issn"></identifier>
    <originInfo>
      <publisher></publisher>
      <dateIssued></dateIssued>
      <issuance></issuance>
    </originInfo>
    <part>
      <detail type="volume">
        <number></number>
      </detail>
      <detail type="number">
        <number></number>
      </detail>
      <extent unit="pages">
        <start></start>
        <end></end>
      </extent>
      <date></date>
    </part>
  </relatedItem>
  <location>
    <url></url>
  </location>
</mods>
</foxml:xmlContent>
</foxml:datastreamVersion>
<foxml:datastreamVersion ID="descMetadata.5" LABEL="" CREATED="2011-01-25T20:20:27.797Z" MIMETYPE="text/xml" SIZE="1495">
<foxml:xmlContent>
<mods xmlns="http://www.loc.gov/mods/v3" xmlns:xlink="http://www.w3.org/1999/xlink" xmlns:xsi="http://www.w3.org/2001/XMLSchema-instance" version="3.3" xsi:schemaLocation="http://www.loc.gov/mods/v3 http://www.loc.gov/standards/mods/v3/mods-3-3.xsd">
  <titleInfo lang="">
    <title>Khadzhi-Murat&apos;s Silence</title>
  </titleInfo>
  <name type="personal">
    <namePart type="given">David</namePart>
    <namePart type="family">Herman</namePart>
    <affiliation>University of Virginia</affiliation>
    <computing_id>dh9a</computing_id>
    <description>Department of Slavic Languages and Literatures</description>
    <role>
      <roleTerm authority="marcrelator" type="text">Author</roleTerm>
    </role>
  </name>
  <typeOfResource></typeOfResource>
  <genre authority="marcgt"></genre>
  <language>
    <languageTerm authority="iso639-2b" type="code"></languageTerm>
  </language>
  <abstract></abstract>
  <subject>
    <topic></topic>
  </subject>
  <relatedItem type="host">
    <titleInfo>
      <title>Slavic Review</title>
    </titleInfo>
    <identifier type="issn"></identifier>
    <originInfo>
      <publisher></publisher>
      <dateIssued></dateIssued>
      <issuance></issuance>
    </originInfo>
    <part>
      <detail type="number">
        <number></number>
      </detail>
      <extent unit="pages">
        <start></start>
        <end></end>
      </extent>
      <date></date>
    </part>
  </relatedItem>
  <location>
    <url></url>
  </location>
</mods>
</foxml:xmlContent>
</foxml:datastreamVersion>
<foxml:datastreamVersion ID="descMetadata.6" LABEL="" CREATED="2011-01-25T20:20:33.108Z" MIMETYPE="text/xml" SIZE="1568">
<foxml:xmlContent>
<mods xmlns="http://www.loc.gov/mods/v3" xmlns:xlink="http://www.w3.org/1999/xlink" xmlns:xsi="http://www.w3.org/2001/XMLSchema-instance" version="3.3" xsi:schemaLocation="http://www.loc.gov/mods/v3 http://www.loc.gov/standards/mods/v3/mods-3-3.xsd">
  <titleInfo lang="">
    <title>Khadzhi-Murat&apos;s Silence</title>
  </titleInfo>
  <name type="personal">
    <namePart type="given">David</namePart>
    <namePart type="family">Herman</namePart>
    <affiliation>University of Virginia</affiliation>
    <computing_id>dh9a</computing_id>
    <description>Department of Slavic Languages and Literatures</description>
    <role>
      <roleTerm authority="marcrelator" type="text">Author</roleTerm>
    </role>
  </name>
  <typeOfResource></typeOfResource>
  <genre authority="marcgt"></genre>
  <language>
    <languageTerm authority="iso639-2b" type="code"></languageTerm>
  </language>
  <abstract></abstract>
  <subject>
    <topic></topic>
  </subject>
  <relatedItem type="host">
    <titleInfo>
      <title>Slavic Review</title>
    </titleInfo>
    <identifier type="issn"></identifier>
    <originInfo>
      <publisher></publisher>
      <dateIssued></dateIssued>
      <issuance></issuance>
    </originInfo>
    <part>
      <detail type="number">
        <number></number>
      </detail>
      <extent unit="pages">
        <start></start>
        <end></end>
      </extent>
      <date></date>
      <detail type="volume">
        <number>64</number>
      </detail>
    </part>
  </relatedItem>
  <location>
    <url></url>
  </location>
</mods>
</foxml:xmlContent>
</foxml:datastreamVersion>
<foxml:datastreamVersion ID="descMetadata.7" LABEL="" CREATED="2011-01-25T20:20:35.158Z" MIMETYPE="text/xml" SIZE="1536">
<foxml:xmlContent>
<mods xmlns="http://www.loc.gov/mods/v3" xmlns:xlink="http://www.w3.org/1999/xlink" xmlns:xsi="http://www.w3.org/2001/XMLSchema-instance" version="3.3" xsi:schemaLocation="http://www.loc.gov/mods/v3 http://www.loc.gov/standards/mods/v3/mods-3-3.xsd">
  <titleInfo lang="">
    <title>Khadzhi-Murat&apos;s Silence</title>
  </titleInfo>
  <name type="personal">
    <namePart type="given">David</namePart>
    <namePart type="family">Herman</namePart>
    <affiliation>University of Virginia</affiliation>
    <computing_id>dh9a</computing_id>
    <description>Department of Slavic Languages and Literatures</description>
    <role>
      <roleTerm authority="marcrelator" type="text">Author</roleTerm>
    </role>
  </name>
  <typeOfResource></typeOfResource>
  <genre authority="marcgt"></genre>
  <language>
    <languageTerm authority="iso639-2b" type="code"></languageTerm>
  </language>
  <abstract></abstract>
  <subject>
    <topic></topic>
  </subject>
  <relatedItem type="host">
    <titleInfo>
      <title>Slavic Review</title>
    </titleInfo>
    <identifier type="issn"></identifier>
    <originInfo>
      <publisher></publisher>
      <dateIssued></dateIssued>
      <issuance></issuance>
    </originInfo>
    <part>
      <detail type="number">1</detail>
      <extent unit="pages">
        <start></start>
        <end></end>
      </extent>
      <date></date>
      <detail type="volume">
        <number>64</number>
      </detail>
    </part>
  </relatedItem>
  <location>
    <url></url>
  </location>
</mods>
</foxml:xmlContent>
</foxml:datastreamVersion>
<foxml:datastreamVersion ID="descMetadata.8" LABEL="" CREATED="2011-01-25T20:20:36.943Z" MIMETYPE="text/xml" SIZE="1537">
<foxml:xmlContent>
<mods xmlns="http://www.loc.gov/mods/v3" xmlns:xlink="http://www.w3.org/1999/xlink" xmlns:xsi="http://www.w3.org/2001/XMLSchema-instance" version="3.3" xsi:schemaLocation="http://www.loc.gov/mods/v3 http://www.loc.gov/standards/mods/v3/mods-3-3.xsd">
  <titleInfo lang="">
    <title>Khadzhi-Murat&apos;s Silence</title>
  </titleInfo>
  <name type="personal">
    <namePart type="given">David</namePart>
    <namePart type="family">Herman</namePart>
    <affiliation>University of Virginia</affiliation>
    <computing_id>dh9a</computing_id>
    <description>Department of Slavic Languages and Literatures</description>
    <role>
      <roleTerm authority="marcrelator" type="text">Author</roleTerm>
    </role>
  </name>
  <typeOfResource></typeOfResource>
  <genre authority="marcgt"></genre>
  <language>
    <languageTerm authority="iso639-2b" type="code"></languageTerm>
  </language>
  <abstract></abstract>
  <subject>
    <topic></topic>
  </subject>
  <relatedItem type="host">
    <titleInfo>
      <title>Slavic Review</title>
    </titleInfo>
    <identifier type="issn"></identifier>
    <originInfo>
      <publisher></publisher>
      <dateIssued></dateIssued>
      <issuance></issuance>
    </originInfo>
    <part>
      <detail type="number">1</detail>
      <extent unit="pages">
        <start>1</start>
        <end></end>
      </extent>
      <date></date>
      <detail type="volume">
        <number>64</number>
      </detail>
    </part>
  </relatedItem>
  <location>
    <url></url>
  </location>
</mods>
</foxml:xmlContent>
</foxml:datastreamVersion>
<foxml:datastreamVersion ID="descMetadata.9" LABEL="" CREATED="2011-01-25T20:20:38.811Z" MIMETYPE="text/xml" SIZE="1539">
<foxml:xmlContent>
<mods xmlns="http://www.loc.gov/mods/v3" xmlns:xlink="http://www.w3.org/1999/xlink" xmlns:xsi="http://www.w3.org/2001/XMLSchema-instance" version="3.3" xsi:schemaLocation="http://www.loc.gov/mods/v3 http://www.loc.gov/standards/mods/v3/mods-3-3.xsd">
  <titleInfo lang="">
    <title>Khadzhi-Murat&apos;s Silence</title>
  </titleInfo>
  <name type="personal">
    <namePart type="given">David</namePart>
    <namePart type="family">Herman</namePart>
    <affiliation>University of Virginia</affiliation>
    <computing_id>dh9a</computing_id>
    <description>Department of Slavic Languages and Literatures</description>
    <role>
      <roleTerm authority="marcrelator" type="text">Author</roleTerm>
    </role>
  </name>
  <typeOfResource></typeOfResource>
  <genre authority="marcgt"></genre>
  <language>
    <languageTerm authority="iso639-2b" type="code"></languageTerm>
  </language>
  <abstract></abstract>
  <subject>
    <topic></topic>
  </subject>
  <relatedItem type="host">
    <titleInfo>
      <title>Slavic Review</title>
    </titleInfo>
    <identifier type="issn"></identifier>
    <originInfo>
      <publisher></publisher>
      <dateIssued></dateIssued>
      <issuance></issuance>
    </originInfo>
    <part>
      <detail type="number">1</detail>
      <extent unit="pages">
        <start>1</start>
        <end>23</end>
      </extent>
      <date></date>
      <detail type="volume">
        <number>64</number>
      </detail>
    </part>
  </relatedItem>
  <location>
    <url></url>
  </location>
</mods>
</foxml:xmlContent>
</foxml:datastreamVersion>
<foxml:datastreamVersion ID="descMetadata.10" LABEL="" CREATED="2011-01-25T20:20:41.363Z" MIMETYPE="text/xml" SIZE="1539">
<foxml:xmlContent>
<mods xmlns="http://www.loc.gov/mods/v3" xmlns:xlink="http://www.w3.org/1999/xlink" xmlns:xsi="http://www.w3.org/2001/XMLSchema-instance" version="3.3" xsi:schemaLocation="http://www.loc.gov/mods/v3 http://www.loc.gov/standards/mods/v3/mods-3-3.xsd">
  <titleInfo lang="">
    <title>Khadzhi-Murat&apos;s Silence</title>
  </titleInfo>
  <name type="personal">
    <namePart type="given">David</namePart>
    <namePart type="family">Herman</namePart>
    <affiliation>University of Virginia</affiliation>
    <computing_id>dh9a</computing_id>
    <description>Department of Slavic Languages and Literatures</description>
    <role>
      <roleTerm authority="marcrelator" type="text">Author</roleTerm>
    </role>
  </name>
  <typeOfResource></typeOfResource>
  <genre authority="marcgt"></genre>
  <language>
    <languageTerm authority="iso639-2b" type="code"></languageTerm>
  </language>
  <abstract></abstract>
  <subject>
    <topic></topic>
  </subject>
  <relatedItem type="host">
    <titleInfo>
      <title>Slavic Review</title>
    </titleInfo>
    <identifier type="issn"></identifier>
    <originInfo>
      <publisher></publisher>
      <dateIssued></dateIssued>
      <issuance></issuance>
    </originInfo>
    <part>
      <detail type="number">1</detail>
      <extent unit="pages">
        <start>1</start>
        <end>23</end>
      </extent>
      <date></date>
      <detail type="volume">
        <number>64</number>
      </detail>
    </part>
  </relatedItem>
  <location>
    <url></url>
  </location>
</mods>
</foxml:xmlContent>
</foxml:datastreamVersion>
<foxml:datastreamVersion ID="descMetadata.11" LABEL="" CREATED="2011-01-25T20:20:46.590Z" MIMETYPE="text/xml" SIZE="1601">
<foxml:xmlContent>
<mods xmlns="http://www.loc.gov/mods/v3" xmlns:xlink="http://www.w3.org/1999/xlink" xmlns:xsi="http://www.w3.org/2001/XMLSchema-instance" version="3.3" xsi:schemaLocation="http://www.loc.gov/mods/v3 http://www.loc.gov/standards/mods/v3/mods-3-3.xsd">
  <titleInfo lang="">
    <title>Khadzhi-Murat&apos;s Silence</title>
  </titleInfo>
  <name type="personal">
    <namePart type="given">David</namePart>
    <namePart type="family">Herman</namePart>
    <affiliation>University of Virginia</affiliation>
    <computing_id>dh9a</computing_id>
    <description>Department of Slavic Languages and Literatures</description>
    <role>
      <roleTerm authority="marcrelator" type="text">Author</roleTerm>
    </role>
  </name>
  <typeOfResource></typeOfResource>
  <genre authority="marcgt"></genre>
  <language>
    <languageTerm authority="iso639-2b" type="code"></languageTerm>
  </language>
  <abstract></abstract>
  <subject>
    <topic></topic>
  </subject>
  <relatedItem type="host">
    <titleInfo>
      <title>Slavic Review</title>
    </titleInfo>
    <identifier type="issn"></identifier>
    <originInfo>
      <publisher>The American Association for the Advancement of Slavic Studies</publisher>
      <dateIssued></dateIssued>
      <issuance></issuance>
    </originInfo>
    <part>
      <detail type="number">1</detail>
      <extent unit="pages">
        <start>1</start>
        <end>23</end>
      </extent>
      <date></date>
      <detail type="volume">
        <number>64</number>
      </detail>
    </part>
  </relatedItem>
  <location>
    <url></url>
  </location>
</mods>
</foxml:xmlContent>
</foxml:datastreamVersion>
<foxml:datastreamVersion ID="descMetadata.12" LABEL="" CREATED="2011-01-25T20:20:48.422Z" MIMETYPE="text/xml" SIZE="1601">
<foxml:xmlContent>
<mods xmlns="http://www.loc.gov/mods/v3" xmlns:xlink="http://www.w3.org/1999/xlink" xmlns:xsi="http://www.w3.org/2001/XMLSchema-instance" version="3.3" xsi:schemaLocation="http://www.loc.gov/mods/v3 http://www.loc.gov/standards/mods/v3/mods-3-3.xsd">
  <titleInfo lang="">
    <title>Khadzhi-Murat&apos;s Silence</title>
  </titleInfo>
  <name type="personal">
    <namePart type="given">David</namePart>
    <namePart type="family">Herman</namePart>
    <affiliation>University of Virginia</affiliation>
    <computing_id>dh9a</computing_id>
    <description>Department of Slavic Languages and Literatures</description>
    <role>
      <roleTerm authority="marcrelator" type="text">Author</roleTerm>
    </role>
  </name>
  <typeOfResource></typeOfResource>
  <genre authority="marcgt"></genre>
  <language>
    <languageTerm authority="iso639-2b" type="code"></languageTerm>
  </language>
  <abstract></abstract>
  <subject>
    <topic></topic>
  </subject>
  <relatedItem type="host">
    <titleInfo>
      <title>Slavic Review</title>
    </titleInfo>
    <identifier type="issn"></identifier>
    <originInfo>
      <publisher>The American Association for the Advancement of Slavic Studies</publisher>
      <dateIssued></dateIssued>
      <issuance></issuance>
    </originInfo>
    <part>
      <detail type="number">1</detail>
      <extent unit="pages">
        <start>1</start>
        <end>23</end>
      </extent>
      <date></date>
      <detail type="volume">
        <number>64</number>
      </detail>
    </part>
  </relatedItem>
  <location>
    <url></url>
  </location>
</mods>
</foxml:xmlContent>
</foxml:datastreamVersion>
<foxml:datastreamVersion ID="descMetadata.13" LABEL="" CREATED="2011-01-25T20:21:00.954Z" MIMETYPE="text/xml" SIZE="1610">
<foxml:xmlContent>
<mods xmlns="http://www.loc.gov/mods/v3" xmlns:xlink="http://www.w3.org/1999/xlink" xmlns:xsi="http://www.w3.org/2001/XMLSchema-instance" version="3.3" xsi:schemaLocation="http://www.loc.gov/mods/v3 http://www.loc.gov/standards/mods/v3/mods-3-3.xsd">
  <titleInfo lang="">
    <title>Khadzhi-Murat&apos;s Silence</title>
  </titleInfo>
  <name type="personal">
    <namePart type="given">David</namePart>
    <namePart type="family">Herman</namePart>
    <affiliation>University of Virginia</affiliation>
    <computing_id>dh9a</computing_id>
    <description>Department of Slavic Languages and Literatures</description>
    <role>
      <roleTerm authority="marcrelator" type="text">Author</roleTerm>
    </role>
  </name>
  <typeOfResource></typeOfResource>
  <genre authority="marcgt"></genre>
  <language>
    <languageTerm authority="iso639-2b" type="code"></languageTerm>
  </language>
  <abstract></abstract>
  <subject>
    <topic></topic>
  </subject>
  <relatedItem type="host">
    <titleInfo>
      <title>Slavic Review</title>
    </titleInfo>
    <identifier type="issn">0037-6779</identifier>
    <originInfo>
      <publisher>The American Association for the Advancement of Slavic Studies</publisher>
      <dateIssued></dateIssued>
      <issuance></issuance>
    </originInfo>
    <part>
      <detail type="number">1</detail>
      <extent unit="pages">
        <start>1</start>
        <end>23</end>
      </extent>
      <date></date>
      <detail type="volume">
        <number>64</number>
      </detail>
    </part>
  </relatedItem>
  <location>
    <url></url>
  </location>
</mods>
</foxml:xmlContent>
</foxml:datastreamVersion>
<foxml:datastreamVersion ID="descMetadata.14" LABEL="" CREATED="2011-01-25T20:21:04.111Z" MIMETYPE="text/xml" SIZE="1610">
<foxml:xmlContent>
<mods xmlns="http://www.loc.gov/mods/v3" xmlns:xlink="http://www.w3.org/1999/xlink" xmlns:xsi="http://www.w3.org/2001/XMLSchema-instance" version="3.3" xsi:schemaLocation="http://www.loc.gov/mods/v3 http://www.loc.gov/standards/mods/v3/mods-3-3.xsd">
  <titleInfo lang="">
    <title>Khadzhi-Murat&apos;s Silence</title>
  </titleInfo>
  <name type="personal">
    <namePart type="given">David</namePart>
    <namePart type="family">Herman</namePart>
    <affiliation>University of Virginia</affiliation>
    <computing_id>dh9a</computing_id>
    <description>Department of Slavic Languages and Literatures</description>
    <role>
      <roleTerm authority="marcrelator" type="text">Author</roleTerm>
    </role>
  </name>
  <typeOfResource></typeOfResource>
  <genre authority="marcgt"></genre>
  <language>
    <languageTerm authority="iso639-2b" type="code"></languageTerm>
  </language>
  <abstract></abstract>
  <subject>
    <topic></topic>
  </subject>
  <relatedItem type="host">
    <titleInfo>
      <title>Slavic Review</title>
    </titleInfo>
    <identifier type="issn">0037-6779</identifier>
    <originInfo>
      <publisher>The American Association for the Advancement of Slavic Studies</publisher>
      <dateIssued></dateIssued>
      <issuance></issuance>
    </originInfo>
    <part>
      <detail type="number">1</detail>
      <extent unit="pages">
        <start>1</start>
        <end>23</end>
      </extent>
      <date></date>
      <detail type="volume">
        <number>64</number>
      </detail>
    </part>
  </relatedItem>
  <location>
    <url></url>
  </location>
</mods>
</foxml:xmlContent>
</foxml:datastreamVersion>
<foxml:datastreamVersion ID="descMetadata.15" LABEL="" CREATED="2011-01-25T20:21:06.866Z" MIMETYPE="text/xml" SIZE="1614">
<foxml:xmlContent>
<mods xmlns="http://www.loc.gov/mods/v3" xmlns:xlink="http://www.w3.org/1999/xlink" xmlns:xsi="http://www.w3.org/2001/XMLSchema-instance" version="3.3" xsi:schemaLocation="http://www.loc.gov/mods/v3 http://www.loc.gov/standards/mods/v3/mods-3-3.xsd">
  <titleInfo lang="">
    <title>Khadzhi-Murat&apos;s Silence</title>
  </titleInfo>
  <name type="personal">
    <namePart type="given">David</namePart>
    <namePart type="family">Herman</namePart>
    <affiliation>University of Virginia</affiliation>
    <computing_id>dh9a</computing_id>
    <description>Department of Slavic Languages and Literatures</description>
    <role>
      <roleTerm authority="marcrelator" type="text">Author</roleTerm>
    </role>
  </name>
  <typeOfResource></typeOfResource>
  <genre authority="marcgt"></genre>
  <language>
    <languageTerm authority="iso639-2b" type="code"></languageTerm>
  </language>
  <abstract></abstract>
  <subject>
    <topic></topic>
  </subject>
  <relatedItem type="host">
    <titleInfo>
      <title>Slavic Review</title>
    </titleInfo>
    <identifier type="issn">0037-6779</identifier>
    <originInfo>
      <publisher>The American Association for the Advancement of Slavic Studies</publisher>
      <dateIssued></dateIssued>
      <issuance></issuance>
    </originInfo>
    <part>
      <detail type="number">1</detail>
      <extent unit="pages">
        <start>1</start>
        <end>23</end>
      </extent>
      <date>2005</date>
      <detail type="volume">
        <number>64</number>
      </detail>
    </part>
  </relatedItem>
  <location>
    <url></url>
  </location>
</mods>
</foxml:xmlContent>
</foxml:datastreamVersion>
<foxml:datastreamVersion ID="descMetadata.16" LABEL="" CREATED="2011-01-25T20:21:08.948Z" MIMETYPE="text/xml" SIZE="1614">
<foxml:xmlContent>
<mods xmlns="http://www.loc.gov/mods/v3" xmlns:xlink="http://www.w3.org/1999/xlink" xmlns:xsi="http://www.w3.org/2001/XMLSchema-instance" version="3.3" xsi:schemaLocation="http://www.loc.gov/mods/v3 http://www.loc.gov/standards/mods/v3/mods-3-3.xsd">
  <titleInfo lang="">
    <title>Khadzhi-Murat&apos;s Silence</title>
  </titleInfo>
  <name type="personal">
    <namePart type="given">David</namePart>
    <namePart type="family">Herman</namePart>
    <affiliation>University of Virginia</affiliation>
    <computing_id>dh9a</computing_id>
    <description>Department of Slavic Languages and Literatures</description>
    <role>
      <roleTerm authority="marcrelator" type="text">Author</roleTerm>
    </role>
  </name>
  <typeOfResource></typeOfResource>
  <genre authority="marcgt"></genre>
  <language>
    <languageTerm authority="iso639-2b" type="code"></languageTerm>
  </language>
  <abstract></abstract>
  <subject>
    <topic></topic>
  </subject>
  <relatedItem type="host">
    <titleInfo>
      <title>Slavic Review</title>
    </titleInfo>
    <identifier type="issn">0037-6779</identifier>
    <originInfo>
      <publisher>The American Association for the Advancement of Slavic Studies</publisher>
      <dateIssued></dateIssued>
      <issuance></issuance>
    </originInfo>
    <part>
      <detail type="number">1</detail>
      <extent unit="pages">
        <start>1</start>
        <end>23</end>
      </extent>
      <date>2005</date>
      <detail type="volume">
        <number>64</number>
      </detail>
    </part>
  </relatedItem>
  <location>
    <url></url>
  </location>
</mods>
</foxml:xmlContent>
</foxml:datastreamVersion>
<foxml:datastreamVersion ID="descMetadata.17" LABEL="" CREATED="2011-01-25T20:21:14.935Z" MIMETYPE="text/xml" SIZE="1614">
<foxml:xmlContent>
<mods xmlns="http://www.loc.gov/mods/v3" xmlns:xlink="http://www.w3.org/1999/xlink" xmlns:xsi="http://www.w3.org/2001/XMLSchema-instance" version="3.3" xsi:schemaLocation="http://www.loc.gov/mods/v3 http://www.loc.gov/standards/mods/v3/mods-3-3.xsd">
  <titleInfo lang="">
    <title>Khadzhi-Murat&apos;s Silence</title>
  </titleInfo>
  <name type="personal">
    <namePart type="given">David</namePart>
    <namePart type="family">Herman</namePart>
    <affiliation>University of Virginia</affiliation>
    <computing_id>dh9a</computing_id>
    <description>Department of Slavic Languages and Literatures</description>
    <role>
      <roleTerm authority="marcrelator" type="text">Author</roleTerm>
    </role>
  </name>
  <typeOfResource></typeOfResource>
  <genre authority="marcgt"></genre>
  <language>
    <languageTerm authority="iso639-2b" type="code"></languageTerm>
  </language>
  <abstract></abstract>
  <subject>
    <topic></topic>
  </subject>
  <relatedItem type="host">
    <titleInfo>
      <title>Slavic Review</title>
    </titleInfo>
    <identifier type="issn">0037-6779</identifier>
    <originInfo>
      <publisher>The American Association for the Advancement of Slavic Studies</publisher>
      <dateIssued></dateIssued>
      <issuance></issuance>
    </originInfo>
    <part>
      <detail type="number">1</detail>
      <extent unit="pages">
        <start>1</start>
        <end>23</end>
      </extent>
      <date>2005</date>
      <detail type="volume">
        <number>64</number>
      </detail>
    </part>
  </relatedItem>
  <location>
    <url></url>
  </location>
</mods>
</foxml:xmlContent>
</foxml:datastreamVersion>
<foxml:datastreamVersion ID="descMetadata.18" LABEL="" CREATED="2011-01-25T20:21:41.422Z" MIMETYPE="text/xml" SIZE="2669">
<foxml:xmlContent>
<mods xmlns="http://www.loc.gov/mods/v3" xmlns:xlink="http://www.w3.org/1999/xlink" xmlns:xsi="http://www.w3.org/2001/XMLSchema-instance" version="3.3" xsi:schemaLocation="http://www.loc.gov/mods/v3 http://www.loc.gov/standards/mods/v3/mods-3-3.xsd">
  <titleInfo lang="">
    <title>Khadzhi-Murat&apos;s Silence</title>
  </titleInfo>
  <name type="personal">
    <namePart type="given">David</namePart>
    <namePart type="family">Herman</namePart>
    <affiliation>University of Virginia</affiliation>
    <computing_id>dh9a</computing_id>
    <description>Department of Slavic Languages and Literatures</description>
    <role>
      <roleTerm authority="marcrelator" type="text">Author</roleTerm>
    </role>
  </name>
  <typeOfResource></typeOfResource>
  <genre authority="marcgt"></genre>
  <language>
    <languageTerm authority="iso639-2b" type="code"></languageTerm>
  </language>
  <abstract>As a fiction writer, Lev Tolstoi is most famous for strategies for the authorial domination of material, manipulative techniques like interior monologue, ostranenie (defamiliarization), absolute language, and massive particularization in the pursuit of first causes, which give a writer great leeway for a variety of interpretive and debunking projects. After his crisis, however, this invasive, totalizing fiction recedes not fully into, but very much towards, silence. Fiction is no longer the writer’s main focus; the fictions he does write are fewer in number, shorter in length, their topics treated with limited analytical depth-just enough and no more.’ This silence that besets the imaginative literature derives from a tension with ethics. Fiction writing is relativizing, self-aggrandizing, fundamentally biased towards the shallowly entertaining, pen-pushing when deeds are called for, and a host of other bad things. Late in life, however, the author undertakes a literary experiment, bold even, or rather especially, by his own standards.</abstract>
  <subject>
    <topic></topic>
  </subject>
  <relatedItem type="host">
    <titleInfo>
      <title>Slavic Review</title>
    </titleInfo>
    <identifier type="issn">0037-6779</identifier>
    <originInfo>
      <publisher>The American Association for the Advancement of Slavic Studies</publisher>
      <dateIssued></dateIssued>
      <issuance></issuance>
    </originInfo>
    <part>
      <detail type="number">1</detail>
      <extent unit="pages">
        <start>1</start>
        <end>23</end>
      </extent>
      <date>2005</date>
      <detail type="volume">
        <number>64</number>
      </detail>
    </part>
  </relatedItem>
  <location>
    <url></url>
  </location>
</mods>
</foxml:xmlContent>
</foxml:datastreamVersion>
<foxml:datastreamVersion ID="descMetadata.19" LABEL="" CREATED="2011-01-25T20:21:43.343Z" MIMETYPE="text/xml" SIZE="2669">
<foxml:xmlContent>
<mods xmlns="http://www.loc.gov/mods/v3" xmlns:xlink="http://www.w3.org/1999/xlink" xmlns:xsi="http://www.w3.org/2001/XMLSchema-instance" version="3.3" xsi:schemaLocation="http://www.loc.gov/mods/v3 http://www.loc.gov/standards/mods/v3/mods-3-3.xsd">
  <titleInfo lang="">
    <title>Khadzhi-Murat&apos;s Silence</title>
  </titleInfo>
  <name type="personal">
    <namePart type="given">David</namePart>
    <namePart type="family">Herman</namePart>
    <affiliation>University of Virginia</affiliation>
    <computing_id>dh9a</computing_id>
    <description>Department of Slavic Languages and Literatures</description>
    <role>
      <roleTerm authority="marcrelator" type="text">Author</roleTerm>
    </role>
  </name>
  <typeOfResource></typeOfResource>
  <genre authority="marcgt"></genre>
  <language>
    <languageTerm authority="iso639-2b" type="code"></languageTerm>
  </language>
  <abstract>As a fiction writer, Lev Tolstoi is most famous for strategies for the authorial domination of material, manipulative techniques like interior monologue, ostranenie (defamiliarization), absolute language, and massive particularization in the pursuit of first causes, which give a writer great leeway for a variety of interpretive and debunking projects. After his crisis, however, this invasive, totalizing fiction recedes not fully into, but very much towards, silence. Fiction is no longer the writer’s main focus; the fictions he does write are fewer in number, shorter in length, their topics treated with limited analytical depth-just enough and no more.’ This silence that besets the imaginative literature derives from a tension with ethics. Fiction writing is relativizing, self-aggrandizing, fundamentally biased towards the shallowly entertaining, pen-pushing when deeds are called for, and a host of other bad things. Late in life, however, the author undertakes a literary experiment, bold even, or rather especially, by his own standards.</abstract>
  <subject>
    <topic></topic>
  </subject>
  <relatedItem type="host">
    <titleInfo>
      <title>Slavic Review</title>
    </titleInfo>
    <identifier type="issn">0037-6779</identifier>
    <originInfo>
      <publisher>The American Association for the Advancement of Slavic Studies</publisher>
      <dateIssued></dateIssued>
      <issuance></issuance>
    </originInfo>
    <part>
      <detail type="number">1</detail>
      <extent unit="pages">
        <start>1</start>
        <end>23</end>
      </extent>
      <date>2005</date>
      <detail type="volume">
        <number>64</number>
      </detail>
    </part>
  </relatedItem>
  <location>
    <url></url>
  </location>
</mods>
</foxml:xmlContent>
</foxml:datastreamVersion>
<foxml:datastreamVersion ID="descMetadata.20" LABEL="" CREATED="2011-01-25T20:21:46.400Z" MIMETYPE="text/xml" SIZE="2669">
<foxml:xmlContent>
<mods xmlns="http://www.loc.gov/mods/v3" xmlns:xlink="http://www.w3.org/1999/xlink" xmlns:xsi="http://www.w3.org/2001/XMLSchema-instance" version="3.3" xsi:schemaLocation="http://www.loc.gov/mods/v3 http://www.loc.gov/standards/mods/v3/mods-3-3.xsd">
  <titleInfo lang="">
    <title>Khadzhi-Murat&apos;s Silence</title>
  </titleInfo>
  <name type="personal">
    <namePart type="given">David</namePart>
    <namePart type="family">Herman</namePart>
    <affiliation>University of Virginia</affiliation>
    <computing_id>dh9a</computing_id>
    <description>Department of Slavic Languages and Literatures</description>
    <role>
      <roleTerm authority="marcrelator" type="text">Author</roleTerm>
    </role>
  </name>
  <typeOfResource></typeOfResource>
  <genre authority="marcgt"></genre>
  <language>
    <languageTerm authority="iso639-2b" type="code"></languageTerm>
  </language>
  <abstract>As a fiction writer, Lev Tolstoi is most famous for strategies for the authorial domination of material, manipulative techniques like interior monologue, ostranenie (defamiliarization), absolute language, and massive particularization in the pursuit of first causes, which give a writer great leeway for a variety of interpretive and debunking projects. After his crisis, however, this invasive, totalizing fiction recedes not fully into, but very much towards, silence. Fiction is no longer the writer’s main focus; the fictions he does write are fewer in number, shorter in length, their topics treated with limited analytical depth-just enough and no more.’ This silence that besets the imaginative literature derives from a tension with ethics. Fiction writing is relativizing, self-aggrandizing, fundamentally biased towards the shallowly entertaining, pen-pushing when deeds are called for, and a host of other bad things. Late in life, however, the author undertakes a literary experiment, bold even, or rather especially, by his own standards.</abstract>
  <subject>
    <topic></topic>
  </subject>
  <relatedItem type="host">
    <titleInfo>
      <title>Slavic Review</title>
    </titleInfo>
    <identifier type="issn">0037-6779</identifier>
    <originInfo>
      <publisher>The American Association for the Advancement of Slavic Studies</publisher>
      <dateIssued></dateIssued>
      <issuance></issuance>
    </originInfo>
    <part>
      <detail type="number">1</detail>
      <extent unit="pages">
        <start>1</start>
        <end>23</end>
      </extent>
      <date>2005</date>
      <detail type="volume">
        <number>64</number>
      </detail>
    </part>
  </relatedItem>
  <location>
    <url></url>
  </location>
</mods>
</foxml:xmlContent>
</foxml:datastreamVersion>
<foxml:datastreamVersion ID="descMetadata.21" LABEL="" CREATED="2011-01-25T20:22:40.656Z" MIMETYPE="text/xml" SIZE="2682">
<foxml:xmlContent>
<mods xmlns="http://www.loc.gov/mods/v3" xmlns:xlink="http://www.w3.org/1999/xlink" xmlns:xsi="http://www.w3.org/2001/XMLSchema-instance" version="3.3" xsi:schemaLocation="http://www.loc.gov/mods/v3 http://www.loc.gov/standards/mods/v3/mods-3-3.xsd">
  <titleInfo lang="">
    <title>Khadzhi-Murat&apos;s Silence</title>
  </titleInfo>
  <name type="personal">
    <namePart type="given">David</namePart>
    <namePart type="family">Herman</namePart>
    <affiliation>University of Virginia</affiliation>
    <computing_id>dh9a</computing_id>
    <description>Department of Slavic Languages and Literatures</description>
    <role>
      <roleTerm authority="marcrelator" type="text">Author</roleTerm>
    </role>
  </name>
  <typeOfResource></typeOfResource>
  <genre authority="marcgt"></genre>
  <language>
    <languageTerm authority="iso639-2b" type="code"></languageTerm>
  </language>
  <abstract>As a fiction writer, Lev Tolstoi is most famous for strategies for the authorial domination of material, manipulative techniques like interior monologue, ostranenie (defamiliarization), absolute language, and massive particularization in the pursuit of first causes, which give a writer great leeway for a variety of interpretive and debunking projects. After his crisis, however, this invasive, totalizing fiction recedes not fully into, but very much towards, silence. Fiction is no longer the writer’s main focus; the fictions he does write are fewer in number, shorter in length, their topics treated with limited analytical depth-just enough and no more.’ This silence that besets the imaginative literature derives from a tension with ethics. Fiction writing is relativizing, self-aggrandizing, fundamentally biased towards the shallowly entertaining, pen-pushing when deeds are called for, and a host of other bad things. Late in life, however, the author undertakes a literary experiment, bold even, or rather especially, by his own standards.</abstract>
  <subject>
    <topic>Khadzhi-Murat</topic>
  </subject>
  <relatedItem type="host">
    <titleInfo>
      <title>Slavic Review</title>
    </titleInfo>
    <identifier type="issn">0037-6779</identifier>
    <originInfo>
      <publisher>The American Association for the Advancement of Slavic Studies</publisher>
      <dateIssued></dateIssued>
      <issuance></issuance>
    </originInfo>
    <part>
      <detail type="number">1</detail>
      <extent unit="pages">
        <start>1</start>
        <end>23</end>
      </extent>
      <date>2005</date>
      <detail type="volume">
        <number>64</number>
      </detail>
    </part>
  </relatedItem>
  <location>
    <url></url>
  </location>
</mods>
</foxml:xmlContent>
</foxml:datastreamVersion>
</foxml:datastream>
<foxml:datastream ID="RELS-EXT" STATE="A" CONTROL_GROUP="X" VERSIONABLE="true">
<foxml:datastreamVersion ID="RELS-EXT.0" LABEL="" CREATED="2011-01-25T20:19:16.226Z" MIMETYPE="text/xml" SIZE="280">
<foxml:xmlContent>
<rdf:RDF xmlns:rdf="http://www.w3.org/1999/02/22-rdf-syntax-ns#">
  <rdf:Description rdf:about="info:fedora/libra-oa:7">
    <hasModel xmlns="info:fedora/fedora-system:def/model#" rdf:resource="info:fedora/afmodel:HydrangeaArticle"></hasModel>
  </rdf:Description>
</rdf:RDF>
</foxml:xmlContent>
</foxml:datastreamVersion>
</foxml:datastream>
<foxml:datastream ID="rightsMetadata" STATE="A" CONTROL_GROUP="X" VERSIONABLE="true">
<foxml:datastreamVersion ID="rightsMetadata.0" LABEL="" CREATED="2011-01-25T20:19:16.287Z" MIMETYPE="text/xml" SIZE="578">
<foxml:xmlContent>
<rightsMetadata xmlns="http://hydra-collab.stanford.edu/schemas/rightsMetadata/v1" version="0.1">
  <copyright>
    <human></human>
    <machine>
      <uvalicense>no</uvalicense>
    </machine>
  </copyright>
  <access type="discover">
    <human></human>
    <machine></machine>
  </access>
  <access type="read">
    <human></human>
    <machine></machine>
  </access>
  <access type="edit">
    <human></human>
    <machine>
      <person>archivist1</person>
    </machine>
  </access>
  <embargo>
    <human></human>
    <machine></machine>
  </embargo>
</rightsMetadata>
</foxml:xmlContent>
</foxml:datastreamVersion>
<foxml:datastreamVersion ID="rightsMetadata.1" LABEL="" CREATED="2011-01-25T20:20:10.448Z" MIMETYPE="text/xml" SIZE="579">
<foxml:xmlContent>
<rightsMetadata xmlns="http://hydra-collab.stanford.edu/schemas/rightsMetadata/v1" version="0.1">
  <copyright>
    <human></human>
    <machine>
      <uvalicense>yes</uvalicense>
    </machine>
  </copyright>
  <access type="discover">
    <human></human>
    <machine></machine>
  </access>
  <access type="read">
    <human></human>
    <machine></machine>
  </access>
  <access type="edit">
    <human></human>
    <machine>
      <person>archivist1</person>
    </machine>
  </access>
  <embargo>
    <human></human>
    <machine></machine>
  </embargo>
</rightsMetadata>
</foxml:xmlContent>
</foxml:datastreamVersion>
</foxml:datastream>
<foxml:datastream ID="properties" STATE="A" CONTROL_GROUP="X" VERSIONABLE="true">
<foxml:datastreamVersion ID="properties.0" LABEL="" CREATED="2011-01-25T20:19:16.364Z" MIMETYPE="text/xml" SIZE="101">
<foxml:xmlContent>
<fields>
  <depositor>archivist1</depositor>
  <collection>hydrangea_article</collection>
</fields>
</foxml:xmlContent>
</foxml:datastreamVersion>
<foxml:datastreamVersion ID="properties.1" LABEL="" CREATED="2011-01-25T20:22:45.215Z" MIMETYPE="text/xml" SIZE="132">
<foxml:xmlContent>
<fields>
  <depositor>archivist1</depositor>
  <collection>hydrangea_article</collection>
  <release_to>uva</release_to>
</fields>
</foxml:xmlContent>
</foxml:datastreamVersion>
<foxml:datastreamVersion ID="properties.2" LABEL="" CREATED="2011-01-25T20:22:46.796Z" MIMETYPE="text/xml" SIZE="160">
<foxml:xmlContent>
<fields>
  <released>true</released>
  <depositor>archivist1</depositor>
  <collection>hydrangea_article</collection>
  <release_to>uva</release_to>
</fields>
</foxml:xmlContent>
</foxml:datastreamVersion>
</foxml:datastream>
</foxml:digitalObject>
