<?xml version="1.0" encoding="UTF-8"?>
<foxml:digitalObject VERSION="1.1" PID="libra-oa:1"
xmlns:foxml="info:fedora/fedora-system:def/foxml#"
xmlns:xsi="http://www.w3.org/2001/XMLSchema-instance"
xsi:schemaLocation="info:fedora/fedora-system:def/foxml# http://www.fedora.info/definitions/1/0/foxml1-1.xsd">
<foxml:objectProperties>
<foxml:property NAME="info:fedora/fedora-system:def/model#state" VALUE="Active"/>
<foxml:property NAME="info:fedora/fedora-system:def/model#label" VALUE=""/>
<foxml:property NAME="info:fedora/fedora-system:def/model#ownerId" VALUE="fedoraAdmin"/>
<foxml:property NAME="info:fedora/fedora-system:def/model#createdDate" VALUE="2011-01-25T19:41:38.165Z"/>
<foxml:property NAME="info:fedora/fedora-system:def/view#lastModifiedDate" VALUE="2011-01-25T19:47:47.529Z"/>
</foxml:objectProperties>
<foxml:datastream ID="AUDIT" STATE="A" CONTROL_GROUP="X" VERSIONABLE="false">
<foxml:datastreamVersion ID="AUDIT.0" LABEL="Audit Trail for this object" CREATED="2011-01-25T19:41:38.165Z" MIMETYPE="text/xml" FORMAT_URI="info:fedora/fedora-system:format/xml.fedora.audit">
<foxml:xmlContent>
<audit:auditTrail xmlns:audit="info:fedora/fedora-system:def/audit#">
<audit:record ID="AUDREC1">
<audit:process type="Fedora API-M"/>
<audit:action>addDatastream</audit:action>
<audit:componentID>descMetadata</audit:componentID>
<audit:responsibility>fedoraAdmin</audit:responsibility>
<audit:date>2011-01-25T19:41:38.370Z</audit:date>
<audit:justification></audit:justification>
</audit:record>
<audit:record ID="AUDREC2">
<audit:process type="Fedora API-M"/>
<audit:action>addDatastream</audit:action>
<audit:componentID>RELS-EXT</audit:componentID>
<audit:responsibility>fedoraAdmin</audit:responsibility>
<audit:date>2011-01-25T19:41:38.507Z</audit:date>
<audit:justification></audit:justification>
</audit:record>
<audit:record ID="AUDREC3">
<audit:process type="Fedora API-M"/>
<audit:action>addDatastream</audit:action>
<audit:componentID>rightsMetadata</audit:componentID>
<audit:responsibility>fedoraAdmin</audit:responsibility>
<audit:date>2011-01-25T19:41:38.606Z</audit:date>
<audit:justification></audit:justification>
</audit:record>
<audit:record ID="AUDREC4">
<audit:process type="Fedora API-M"/>
<audit:action>addDatastream</audit:action>
<audit:componentID>properties</audit:componentID>
<audit:responsibility>fedoraAdmin</audit:responsibility>
<audit:date>2011-01-25T19:41:38.748Z</audit:date>
<audit:justification></audit:justification>
</audit:record>
<audit:record ID="AUDREC5">
<audit:process type="Fedora API-M"/>
<audit:action>modifyObject</audit:action>
<audit:componentID></audit:componentID>
<audit:responsibility>fedoraAdmin</audit:responsibility>
<audit:date>2011-01-25T19:42:51.486Z</audit:date>
<audit:justification></audit:justification>
</audit:record>
<audit:record ID="AUDREC6">
<audit:process type="Fedora API-M"/>
<audit:action>modifyDatastreamByValue</audit:action>
<audit:componentID>descMetadata</audit:componentID>
<audit:responsibility>fedoraAdmin</audit:responsibility>
<audit:date>2011-01-25T19:42:51.562Z</audit:date>
<audit:justification></audit:justification>
</audit:record>
<audit:record ID="AUDREC7">
<audit:process type="Fedora API-M"/>
<audit:action>modifyObject</audit:action>
<audit:componentID></audit:componentID>
<audit:responsibility>fedoraAdmin</audit:responsibility>
<audit:date>2011-01-25T19:43:17.826Z</audit:date>
<audit:justification></audit:justification>
</audit:record>
<audit:record ID="AUDREC8">
<audit:process type="Fedora API-M"/>
<audit:action>modifyDatastreamByValue</audit:action>
<audit:componentID>descMetadata</audit:componentID>
<audit:responsibility>fedoraAdmin</audit:responsibility>
<audit:date>2011-01-25T19:43:17.874Z</audit:date>
<audit:justification></audit:justification>
</audit:record>
<audit:record ID="AUDREC9">
<audit:process type="Fedora API-M"/>
<audit:action>modifyObject</audit:action>
<audit:componentID></audit:componentID>
<audit:responsibility>fedoraAdmin</audit:responsibility>
<audit:date>2011-01-25T19:43:19.451Z</audit:date>
<audit:justification></audit:justification>
</audit:record>
<audit:record ID="AUDREC10">
<audit:process type="Fedora API-M"/>
<audit:action>modifyDatastreamByValue</audit:action>
<audit:componentID>descMetadata</audit:componentID>
<audit:responsibility>fedoraAdmin</audit:responsibility>
<audit:date>2011-01-25T19:43:19.493Z</audit:date>
<audit:justification></audit:justification>
</audit:record>
<audit:record ID="AUDREC11">
<audit:process type="Fedora API-M"/>
<audit:action>modifyObject</audit:action>
<audit:componentID></audit:componentID>
<audit:responsibility>fedoraAdmin</audit:responsibility>
<audit:date>2011-01-25T19:43:20.795Z</audit:date>
<audit:justification></audit:justification>
</audit:record>
<audit:record ID="AUDREC12">
<audit:process type="Fedora API-M"/>
<audit:action>modifyDatastreamByValue</audit:action>
<audit:componentID>descMetadata</audit:componentID>
<audit:responsibility>fedoraAdmin</audit:responsibility>
<audit:date>2011-01-25T19:43:20.844Z</audit:date>
<audit:justification></audit:justification>
</audit:record>
<audit:record ID="AUDREC13">
<audit:process type="Fedora API-M"/>
<audit:action>modifyObject</audit:action>
<audit:componentID></audit:componentID>
<audit:responsibility>fedoraAdmin</audit:responsibility>
<audit:date>2011-01-25T19:43:22.038Z</audit:date>
<audit:justification></audit:justification>
</audit:record>
<audit:record ID="AUDREC14">
<audit:process type="Fedora API-M"/>
<audit:action>modifyDatastreamByValue</audit:action>
<audit:componentID>descMetadata</audit:componentID>
<audit:responsibility>fedoraAdmin</audit:responsibility>
<audit:date>2011-01-25T19:43:22.099Z</audit:date>
<audit:justification></audit:justification>
</audit:record>
<audit:record ID="AUDREC15">
<audit:process type="Fedora API-M"/>
<audit:action>modifyObject</audit:action>
<audit:componentID></audit:componentID>
<audit:responsibility>fedoraAdmin</audit:responsibility>
<audit:date>2011-01-25T19:43:23.972Z</audit:date>
<audit:justification></audit:justification>
</audit:record>
<audit:record ID="AUDREC16">
<audit:process type="Fedora API-M"/>
<audit:action>modifyDatastreamByValue</audit:action>
<audit:componentID>descMetadata</audit:componentID>
<audit:responsibility>fedoraAdmin</audit:responsibility>
<audit:date>2011-01-25T19:43:24.023Z</audit:date>
<audit:justification></audit:justification>
</audit:record>
<audit:record ID="AUDREC17">
<audit:process type="Fedora API-M"/>
<audit:action>modifyObject</audit:action>
<audit:componentID></audit:componentID>
<audit:responsibility>fedoraAdmin</audit:responsibility>
<audit:date>2011-01-25T19:43:27.478Z</audit:date>
<audit:justification></audit:justification>
</audit:record>
<audit:record ID="AUDREC18">
<audit:process type="Fedora API-M"/>
<audit:action>modifyDatastreamByValue</audit:action>
<audit:componentID>descMetadata</audit:componentID>
<audit:responsibility>fedoraAdmin</audit:responsibility>
<audit:date>2011-01-25T19:43:27.523Z</audit:date>
<audit:justification></audit:justification>
</audit:record>
<audit:record ID="AUDREC19">
<audit:process type="Fedora API-M"/>
<audit:action>modifyObject</audit:action>
<audit:componentID></audit:componentID>
<audit:responsibility>fedoraAdmin</audit:responsibility>
<audit:date>2011-01-25T19:43:29.490Z</audit:date>
<audit:justification></audit:justification>
</audit:record>
<audit:record ID="AUDREC20">
<audit:process type="Fedora API-M"/>
<audit:action>modifyDatastreamByValue</audit:action>
<audit:componentID>descMetadata</audit:componentID>
<audit:responsibility>fedoraAdmin</audit:responsibility>
<audit:date>2011-01-25T19:43:29.531Z</audit:date>
<audit:justification></audit:justification>
</audit:record>
<audit:record ID="AUDREC21">
<audit:process type="Fedora API-M"/>
<audit:action>modifyObject</audit:action>
<audit:componentID></audit:componentID>
<audit:responsibility>fedoraAdmin</audit:responsibility>
<audit:date>2011-01-25T19:43:31.463Z</audit:date>
<audit:justification></audit:justification>
</audit:record>
<audit:record ID="AUDREC22">
<audit:process type="Fedora API-M"/>
<audit:action>modifyDatastreamByValue</audit:action>
<audit:componentID>descMetadata</audit:componentID>
<audit:responsibility>fedoraAdmin</audit:responsibility>
<audit:date>2011-01-25T19:43:31.508Z</audit:date>
<audit:justification></audit:justification>
</audit:record>
<audit:record ID="AUDREC23">
<audit:process type="Fedora API-M"/>
<audit:action>modifyObject</audit:action>
<audit:componentID></audit:componentID>
<audit:responsibility>fedoraAdmin</audit:responsibility>
<audit:date>2011-01-25T19:43:36.544Z</audit:date>
<audit:justification></audit:justification>
</audit:record>
<audit:record ID="AUDREC24">
<audit:process type="Fedora API-M"/>
<audit:action>modifyDatastreamByValue</audit:action>
<audit:componentID>descMetadata</audit:componentID>
<audit:responsibility>fedoraAdmin</audit:responsibility>
<audit:date>2011-01-25T19:43:36.634Z</audit:date>
<audit:justification></audit:justification>
</audit:record>
<audit:record ID="AUDREC25">
<audit:process type="Fedora API-M"/>
<audit:action>modifyObject</audit:action>
<audit:componentID></audit:componentID>
<audit:responsibility>fedoraAdmin</audit:responsibility>
<audit:date>2011-01-25T19:43:46.681Z</audit:date>
<audit:justification></audit:justification>
</audit:record>
<audit:record ID="AUDREC26">
<audit:process type="Fedora API-M"/>
<audit:action>modifyDatastreamByValue</audit:action>
<audit:componentID>descMetadata</audit:componentID>
<audit:responsibility>fedoraAdmin</audit:responsibility>
<audit:date>2011-01-25T19:43:46.743Z</audit:date>
<audit:justification></audit:justification>
</audit:record>
<audit:record ID="AUDREC27">
<audit:process type="Fedora API-M"/>
<audit:action>modifyObject</audit:action>
<audit:componentID></audit:componentID>
<audit:responsibility>fedoraAdmin</audit:responsibility>
<audit:date>2011-01-25T19:43:58.745Z</audit:date>
<audit:justification></audit:justification>
</audit:record>
<audit:record ID="AUDREC28">
<audit:process type="Fedora API-M"/>
<audit:action>modifyDatastreamByValue</audit:action>
<audit:componentID>descMetadata</audit:componentID>
<audit:responsibility>fedoraAdmin</audit:responsibility>
<audit:date>2011-01-25T19:43:58.824Z</audit:date>
<audit:justification></audit:justification>
</audit:record>
<audit:record ID="AUDREC29">
<audit:process type="Fedora API-M"/>
<audit:action>modifyObject</audit:action>
<audit:componentID></audit:componentID>
<audit:responsibility>fedoraAdmin</audit:responsibility>
<audit:date>2011-01-25T19:44:08.430Z</audit:date>
<audit:justification></audit:justification>
</audit:record>
<audit:record ID="AUDREC30">
<audit:process type="Fedora API-M"/>
<audit:action>modifyDatastreamByValue</audit:action>
<audit:componentID>descMetadata</audit:componentID>
<audit:responsibility>fedoraAdmin</audit:responsibility>
<audit:date>2011-01-25T19:44:08.475Z</audit:date>
<audit:justification></audit:justification>
</audit:record>
<audit:record ID="AUDREC31">
<audit:process type="Fedora API-M"/>
<audit:action>modifyObject</audit:action>
<audit:componentID></audit:componentID>
<audit:responsibility>fedoraAdmin</audit:responsibility>
<audit:date>2011-01-25T19:44:13.186Z</audit:date>
<audit:justification></audit:justification>
</audit:record>
<audit:record ID="AUDREC32">
<audit:process type="Fedora API-M"/>
<audit:action>modifyDatastreamByValue</audit:action>
<audit:componentID>rightsMetadata</audit:componentID>
<audit:responsibility>fedoraAdmin</audit:responsibility>
<audit:date>2011-01-25T19:44:13.553Z</audit:date>
<audit:justification></audit:justification>
</audit:record>
<audit:record ID="AUDREC33">
<audit:process type="Fedora API-M"/>
<audit:action>modifyObject</audit:action>
<audit:componentID></audit:componentID>
<audit:responsibility>fedoraAdmin</audit:responsibility>
<audit:date>2011-01-25T19:44:24.029Z</audit:date>
<audit:justification></audit:justification>
</audit:record>
<audit:record ID="AUDREC34">
<audit:process type="Fedora API-M"/>
<audit:action>modifyObject</audit:action>
<audit:componentID></audit:componentID>
<audit:responsibility>fedoraAdmin</audit:responsibility>
<audit:date>2011-01-25T19:44:39.065Z</audit:date>
<audit:justification></audit:justification>
</audit:record>
<audit:record ID="AUDREC35">
<audit:process type="Fedora API-M"/>
<audit:action>modifyDatastreamByValue</audit:action>
<audit:componentID>descMetadata</audit:componentID>
<audit:responsibility>fedoraAdmin</audit:responsibility>
<audit:date>2011-01-25T19:44:39.131Z</audit:date>
<audit:justification></audit:justification>
</audit:record>
<audit:record ID="AUDREC36">
<audit:process type="Fedora API-M"/>
<audit:action>modifyObject</audit:action>
<audit:componentID></audit:componentID>
<audit:responsibility>fedoraAdmin</audit:responsibility>
<audit:date>2011-01-25T19:44:41.494Z</audit:date>
<audit:justification></audit:justification>
</audit:record>
<audit:record ID="AUDREC37">
<audit:process type="Fedora API-M"/>
<audit:action>modifyDatastreamByValue</audit:action>
<audit:componentID>descMetadata</audit:componentID>
<audit:responsibility>fedoraAdmin</audit:responsibility>
<audit:date>2011-01-25T19:44:41.553Z</audit:date>
<audit:justification></audit:justification>
</audit:record>
<audit:record ID="AUDREC38">
<audit:process type="Fedora API-M"/>
<audit:action>modifyObject</audit:action>
<audit:componentID></audit:componentID>
<audit:responsibility>fedoraAdmin</audit:responsibility>
<audit:date>2011-01-25T19:44:46.942Z</audit:date>
<audit:justification></audit:justification>
</audit:record>
<audit:record ID="AUDREC39">
<audit:process type="Fedora API-M"/>
<audit:action>modifyDatastreamByValue</audit:action>
<audit:componentID>descMetadata</audit:componentID>
<audit:responsibility>fedoraAdmin</audit:responsibility>
<audit:date>2011-01-25T19:44:47.000Z</audit:date>
<audit:justification></audit:justification>
</audit:record>
<audit:record ID="AUDREC40">
<audit:process type="Fedora API-M"/>
<audit:action>modifyObject</audit:action>
<audit:componentID></audit:componentID>
<audit:responsibility>fedoraAdmin</audit:responsibility>
<audit:date>2011-01-25T19:44:48.638Z</audit:date>
<audit:justification></audit:justification>
</audit:record>
<audit:record ID="AUDREC41">
<audit:process type="Fedora API-M"/>
<audit:action>modifyDatastreamByValue</audit:action>
<audit:componentID>descMetadata</audit:componentID>
<audit:responsibility>fedoraAdmin</audit:responsibility>
<audit:date>2011-01-25T19:44:48.702Z</audit:date>
<audit:justification></audit:justification>
</audit:record>
<audit:record ID="AUDREC42">
<audit:process type="Fedora API-M"/>
<audit:action>modifyObject</audit:action>
<audit:componentID></audit:componentID>
<audit:responsibility>fedoraAdmin</audit:responsibility>
<audit:date>2011-01-25T19:44:50.997Z</audit:date>
<audit:justification></audit:justification>
</audit:record>
<audit:record ID="AUDREC43">
<audit:process type="Fedora API-M"/>
<audit:action>modifyDatastreamByValue</audit:action>
<audit:componentID>descMetadata</audit:componentID>
<audit:responsibility>fedoraAdmin</audit:responsibility>
<audit:date>2011-01-25T19:44:51.077Z</audit:date>
<audit:justification></audit:justification>
</audit:record>
<audit:record ID="AUDREC44">
<audit:process type="Fedora API-M"/>
<audit:action>modifyObject</audit:action>
<audit:componentID></audit:componentID>
<audit:responsibility>fedoraAdmin</audit:responsibility>
<audit:date>2011-01-25T19:44:53.171Z</audit:date>
<audit:justification></audit:justification>
</audit:record>
<audit:record ID="AUDREC45">
<audit:process type="Fedora API-M"/>
<audit:action>modifyDatastreamByValue</audit:action>
<audit:componentID>descMetadata</audit:componentID>
<audit:responsibility>fedoraAdmin</audit:responsibility>
<audit:date>2011-01-25T19:44:53.373Z</audit:date>
<audit:justification></audit:justification>
</audit:record>
<audit:record ID="AUDREC46">
<audit:process type="Fedora API-M"/>
<audit:action>modifyObject</audit:action>
<audit:componentID></audit:componentID>
<audit:responsibility>fedoraAdmin</audit:responsibility>
<audit:date>2011-01-25T19:44:55.567Z</audit:date>
<audit:justification></audit:justification>
</audit:record>
<audit:record ID="AUDREC47">
<audit:process type="Fedora API-M"/>
<audit:action>modifyDatastreamByValue</audit:action>
<audit:componentID>descMetadata</audit:componentID>
<audit:responsibility>fedoraAdmin</audit:responsibility>
<audit:date>2011-01-25T19:44:55.629Z</audit:date>
<audit:justification></audit:justification>
</audit:record>
<audit:record ID="AUDREC48">
<audit:process type="Fedora API-M"/>
<audit:action>modifyObject</audit:action>
<audit:componentID></audit:componentID>
<audit:responsibility>fedoraAdmin</audit:responsibility>
<audit:date>2011-01-25T19:45:06.961Z</audit:date>
<audit:justification></audit:justification>
</audit:record>
<audit:record ID="AUDREC49">
<audit:process type="Fedora API-M"/>
<audit:action>modifyDatastreamByValue</audit:action>
<audit:componentID>descMetadata</audit:componentID>
<audit:responsibility>fedoraAdmin</audit:responsibility>
<audit:date>2011-01-25T19:45:07.030Z</audit:date>
<audit:justification></audit:justification>
</audit:record>
<audit:record ID="AUDREC50">
<audit:process type="Fedora API-M"/>
<audit:action>modifyObject</audit:action>
<audit:componentID></audit:componentID>
<audit:responsibility>fedoraAdmin</audit:responsibility>
<audit:date>2011-01-25T19:45:08.974Z</audit:date>
<audit:justification></audit:justification>
</audit:record>
<audit:record ID="AUDREC51">
<audit:process type="Fedora API-M"/>
<audit:action>modifyDatastreamByValue</audit:action>
<audit:componentID>descMetadata</audit:componentID>
<audit:responsibility>fedoraAdmin</audit:responsibility>
<audit:date>2011-01-25T19:45:09.030Z</audit:date>
<audit:justification></audit:justification>
</audit:record>
<audit:record ID="AUDREC52">
<audit:process type="Fedora API-M"/>
<audit:action>modifyObject</audit:action>
<audit:componentID></audit:componentID>
<audit:responsibility>fedoraAdmin</audit:responsibility>
<audit:date>2011-01-25T19:45:15.921Z</audit:date>
<audit:justification></audit:justification>
</audit:record>
<audit:record ID="AUDREC53">
<audit:process type="Fedora API-M"/>
<audit:action>modifyDatastreamByValue</audit:action>
<audit:componentID>descMetadata</audit:componentID>
<audit:responsibility>fedoraAdmin</audit:responsibility>
<audit:date>2011-01-25T19:45:16.024Z</audit:date>
<audit:justification></audit:justification>
</audit:record>
<audit:record ID="AUDREC54">
<audit:process type="Fedora API-M"/>
<audit:action>modifyObject</audit:action>
<audit:componentID></audit:componentID>
<audit:responsibility>fedoraAdmin</audit:responsibility>
<audit:date>2011-01-25T19:45:17.858Z</audit:date>
<audit:justification></audit:justification>
</audit:record>
<audit:record ID="AUDREC55">
<audit:process type="Fedora API-M"/>
<audit:action>modifyDatastreamByValue</audit:action>
<audit:componentID>descMetadata</audit:componentID>
<audit:responsibility>fedoraAdmin</audit:responsibility>
<audit:date>2011-01-25T19:45:17.976Z</audit:date>
<audit:justification></audit:justification>
</audit:record>
<audit:record ID="AUDREC56">
<audit:process type="Fedora API-M"/>
<audit:action>modifyObject</audit:action>
<audit:componentID></audit:componentID>
<audit:responsibility>fedoraAdmin</audit:responsibility>
<audit:date>2011-01-25T19:45:27.519Z</audit:date>
<audit:justification></audit:justification>
</audit:record>
<audit:record ID="AUDREC57">
<audit:process type="Fedora API-M"/>
<audit:action>modifyDatastreamByValue</audit:action>
<audit:componentID>descMetadata</audit:componentID>
<audit:responsibility>fedoraAdmin</audit:responsibility>
<audit:date>2011-01-25T19:45:27.654Z</audit:date>
<audit:justification></audit:justification>
</audit:record>
<audit:record ID="AUDREC58">
<audit:process type="Fedora API-M"/>
<audit:action>modifyObject</audit:action>
<audit:componentID></audit:componentID>
<audit:responsibility>fedoraAdmin</audit:responsibility>
<audit:date>2011-01-25T19:45:30.042Z</audit:date>
<audit:justification></audit:justification>
</audit:record>
<audit:record ID="AUDREC59">
<audit:process type="Fedora API-M"/>
<audit:action>modifyDatastreamByValue</audit:action>
<audit:componentID>descMetadata</audit:componentID>
<audit:responsibility>fedoraAdmin</audit:responsibility>
<audit:date>2011-01-25T19:45:30.135Z</audit:date>
<audit:justification></audit:justification>
</audit:record>
<audit:record ID="AUDREC60">
<audit:process type="Fedora API-M"/>
<audit:action>modifyObject</audit:action>
<audit:componentID></audit:componentID>
<audit:responsibility>fedoraAdmin</audit:responsibility>
<audit:date>2011-01-25T19:45:38.335Z</audit:date>
<audit:justification></audit:justification>
</audit:record>
<audit:record ID="AUDREC61">
<audit:process type="Fedora API-M"/>
<audit:action>modifyDatastreamByValue</audit:action>
<audit:componentID>descMetadata</audit:componentID>
<audit:responsibility>fedoraAdmin</audit:responsibility>
<audit:date>2011-01-25T19:45:38.420Z</audit:date>
<audit:justification></audit:justification>
</audit:record>
<audit:record ID="AUDREC62">
<audit:process type="Fedora API-M"/>
<audit:action>modifyObject</audit:action>
<audit:componentID></audit:componentID>
<audit:responsibility>fedoraAdmin</audit:responsibility>
<audit:date>2011-01-25T19:47:27.650Z</audit:date>
<audit:justification></audit:justification>
</audit:record>
<audit:record ID="AUDREC63">
<audit:process type="Fedora API-M"/>
<audit:action>modifyDatastreamByValue</audit:action>
<audit:componentID>descMetadata</audit:componentID>
<audit:responsibility>fedoraAdmin</audit:responsibility>
<audit:date>2011-01-25T19:47:27.835Z</audit:date>
<audit:justification></audit:justification>
</audit:record>
<audit:record ID="AUDREC64">
<audit:process type="Fedora API-M"/>
<audit:action>modifyObject</audit:action>
<audit:componentID></audit:componentID>
<audit:responsibility>fedoraAdmin</audit:responsibility>
<audit:date>2011-01-25T19:47:36.466Z</audit:date>
<audit:justification></audit:justification>
</audit:record>
<audit:record ID="AUDREC65">
<audit:process type="Fedora API-M"/>
<audit:action>modifyDatastreamByValue</audit:action>
<audit:componentID>descMetadata</audit:componentID>
<audit:responsibility>fedoraAdmin</audit:responsibility>
<audit:date>2011-01-25T19:47:36.540Z</audit:date>
<audit:justification></audit:justification>
</audit:record>
<audit:record ID="AUDREC66">
<audit:process type="Fedora API-M"/>
<audit:action>modifyObject</audit:action>
<audit:componentID></audit:componentID>
<audit:responsibility>fedoraAdmin</audit:responsibility>
<audit:date>2011-01-25T19:47:45.047Z</audit:date>
<audit:justification></audit:justification>
</audit:record>
<audit:record ID="AUDREC67">
<audit:process type="Fedora API-M"/>
<audit:action>modifyDatastreamByValue</audit:action>
<audit:componentID>descMetadata</audit:componentID>
<audit:responsibility>fedoraAdmin</audit:responsibility>
<audit:date>2011-01-25T19:47:45.127Z</audit:date>
<audit:justification></audit:justification>
</audit:record>
<audit:record ID="AUDREC68">
<audit:process type="Fedora API-M"/>
<audit:action>modifyObject</audit:action>
<audit:componentID></audit:componentID>
<audit:responsibility>fedoraAdmin</audit:responsibility>
<audit:date>2011-01-25T19:47:47.447Z</audit:date>
<audit:justification></audit:justification>
</audit:record>
<audit:record ID="AUDREC69">
<audit:process type="Fedora API-M"/>
<audit:action>modifyDatastreamByValue</audit:action>
<audit:componentID>properties</audit:componentID>
<audit:responsibility>fedoraAdmin</audit:responsibility>
<audit:date>2011-01-25T19:47:47.529Z</audit:date>
<audit:justification></audit:justification>
</audit:record>
</audit:auditTrail>
</foxml:xmlContent>
</foxml:datastreamVersion>
</foxml:datastream>
<foxml:datastream ID="DC" STATE="A" CONTROL_GROUP="X" VERSIONABLE="true">
<foxml:datastreamVersion ID="DC1.0" LABEL="Dublin Core Record for this object" CREATED="2011-01-25T19:41:38.165Z" MIMETYPE="text/xml" FORMAT_URI="http://www.openarchives.org/OAI/2.0/oai_dc/" SIZE="342">
<foxml:xmlContent>
<oai_dc:dc xmlns:oai_dc="http://www.openarchives.org/OAI/2.0/oai_dc/" xmlns:dc="http://purl.org/dc/elements/1.1/" xmlns:xsi="http://www.w3.org/2001/XMLSchema-instance" xsi:schemaLocation="http://www.openarchives.org/OAI/2.0/oai_dc/ http://www.openarchives.org/OAI/2.0/oai_dc.xsd">
  <dc:identifier>libra-oa:1</dc:identifier>
</oai_dc:dc>
</foxml:xmlContent>
</foxml:datastreamVersion>
</foxml:datastream>
<foxml:datastream ID="descMetadata" STATE="A" CONTROL_GROUP="X" VERSIONABLE="true">
<foxml:datastreamVersion ID="descMetadata.0" LABEL="" CREATED="2011-01-25T19:41:38.370Z" MIMETYPE="text/xml" SIZE="1464">
<foxml:xmlContent>
<mods xmlns="http://www.loc.gov/mods/v3" xmlns:xlink="http://www.w3.org/1999/xlink" xmlns:xsi="http://www.w3.org/2001/XMLSchema-instance" version="3.3" xsi:schemaLocation="http://www.loc.gov/mods/v3 http://www.loc.gov/standards/mods/v3/mods-3-3.xsd">
  <titleInfo lang="">
    <title></title>
  </titleInfo>
  <name type="personal">
    <namePart type="given"></namePart>
    <namePart type="family"></namePart>
    <affiliation>University of Virginia</affiliation>
    <computing_id></computing_id>
    <description></description>
    <role>
      <roleTerm authority="marcrelator" type="text">Author</roleTerm>
    </role>
  </name>
  <typeOfResource></typeOfResource>
  <genre authority="marcgt"></genre>
  <language>
    <languageTerm authority="iso639-2b" type="code"></languageTerm>
  </language>
  <abstract></abstract>
  <subject>
    <topic></topic>
  </subject>
  <relatedItem type="host">
    <titleInfo>
      <title></title>
    </titleInfo>
    <identifier type="issn"></identifier>
    <originInfo>
      <publisher></publisher>
      <dateIssued></dateIssued>
      <issuance></issuance>
    </originInfo>
    <part>
      <detail type="volume">
        <number></number>
      </detail>
      <detail type="number">
        <number></number>
      </detail>
      <extent unit="pages">
        <start></start>
        <end></end>
      </extent>
      <date></date>
    </part>
  </relatedItem>
  <location>
    <url></url>
  </location>
</mods>
</foxml:xmlContent>
</foxml:datastreamVersion>
<foxml:datastreamVersion ID="descMetadata.1" LABEL="" CREATED="2011-01-25T19:42:51.562Z" MIMETYPE="text/xml" SIZE="1464">
<foxml:xmlContent>
<mods xmlns="http://www.loc.gov/mods/v3" xmlns:xlink="http://www.w3.org/1999/xlink" xmlns:xsi="http://www.w3.org/2001/XMLSchema-instance" version="3.3" xsi:schemaLocation="http://www.loc.gov/mods/v3 http://www.loc.gov/standards/mods/v3/mods-3-3.xsd">
  <titleInfo lang="">
    <title></title>
  </titleInfo>
  <name type="personal">
    <namePart type="given"></namePart>
    <namePart type="family"></namePart>
    <affiliation>University of Virginia</affiliation>
    <computing_id></computing_id>
    <description></description>
    <role>
      <roleTerm authority="marcrelator" type="text">Author</roleTerm>
    </role>
  </name>
  <typeOfResource></typeOfResource>
  <genre authority="marcgt"></genre>
  <language>
    <languageTerm authority="iso639-2b" type="code"></languageTerm>
  </language>
  <abstract></abstract>
  <subject>
    <topic></topic>
  </subject>
  <relatedItem type="host">
    <titleInfo>
      <title></title>
    </titleInfo>
    <identifier type="issn"></identifier>
    <originInfo>
      <publisher></publisher>
      <dateIssued></dateIssued>
      <issuance></issuance>
    </originInfo>
    <part>
      <detail type="volume">
        <number></number>
      </detail>
      <detail type="number">
        <number></number>
      </detail>
      <extent unit="pages">
        <start></start>
        <end></end>
      </extent>
      <date></date>
    </part>
  </relatedItem>
  <location>
    <url></url>
  </location>
</mods>
</foxml:xmlContent>
</foxml:datastreamVersion>
<foxml:datastreamVersion ID="descMetadata.2" LABEL="" CREATED="2011-01-25T19:43:17.874Z" MIMETYPE="text/xml" SIZE="1496">
<foxml:xmlContent>
<mods xmlns="http://www.loc.gov/mods/v3" xmlns:xlink="http://www.w3.org/1999/xlink" xmlns:xsi="http://www.w3.org/2001/XMLSchema-instance" version="3.3" xsi:schemaLocation="http://www.loc.gov/mods/v3 http://www.loc.gov/standards/mods/v3/mods-3-3.xsd">
  <titleInfo lang="">
    <title></title>
  </titleInfo>
  <name type="personal">
    <namePart type="given">Mary</namePart>
    <namePart type="family">Gibson</namePart>
    <affiliation>University of Virginia</affiliation>
    <computing_id>meg2e</computing_id>
    <description>School of Nursing</description>
    <role>
      <roleTerm authority="marcrelator" type="text">Author</roleTerm>
    </role>
  </name>
  <typeOfResource></typeOfResource>
  <genre authority="marcgt"></genre>
  <language>
    <languageTerm authority="iso639-2b" type="code"></languageTerm>
  </language>
  <abstract></abstract>
  <subject>
    <topic></topic>
  </subject>
  <relatedItem type="host">
    <titleInfo>
      <title></title>
    </titleInfo>
    <identifier type="issn"></identifier>
    <originInfo>
      <publisher></publisher>
      <dateIssued></dateIssued>
      <issuance></issuance>
    </originInfo>
    <part>
      <detail type="volume">
        <number></number>
      </detail>
      <detail type="number">
        <number></number>
      </detail>
      <extent unit="pages">
        <start></start>
        <end></end>
      </extent>
      <date></date>
    </part>
  </relatedItem>
  <location>
    <url></url>
  </location>
</mods>
</foxml:xmlContent>
</foxml:datastreamVersion>
<foxml:datastreamVersion ID="descMetadata.3" LABEL="" CREATED="2011-01-25T19:43:19.493Z" MIMETYPE="text/xml" SIZE="1492">
<foxml:xmlContent>
<mods xmlns="http://www.loc.gov/mods/v3" xmlns:xlink="http://www.w3.org/1999/xlink" xmlns:xsi="http://www.w3.org/2001/XMLSchema-instance" version="3.3" xsi:schemaLocation="http://www.loc.gov/mods/v3 http://www.loc.gov/standards/mods/v3/mods-3-3.xsd">
  <titleInfo lang="">
    <title></title>
  </titleInfo>
  <name type="personal">
    <namePart type="given"></namePart>
    <namePart type="family">Gibson</namePart>
    <affiliation>University of Virginia</affiliation>
    <computing_id>meg2e</computing_id>
    <description>School of Nursing</description>
    <role>
      <roleTerm authority="marcrelator" type="text">Author</roleTerm>
    </role>
  </name>
  <typeOfResource></typeOfResource>
  <genre authority="marcgt"></genre>
  <language>
    <languageTerm authority="iso639-2b" type="code"></languageTerm>
  </language>
  <abstract></abstract>
  <subject>
    <topic></topic>
  </subject>
  <relatedItem type="host">
    <titleInfo>
      <title></title>
    </titleInfo>
    <identifier type="issn"></identifier>
    <originInfo>
      <publisher></publisher>
      <dateIssued></dateIssued>
      <issuance></issuance>
    </originInfo>
    <part>
      <detail type="volume">
        <number></number>
      </detail>
      <detail type="number">
        <number></number>
      </detail>
      <extent unit="pages">
        <start></start>
        <end></end>
      </extent>
      <date></date>
    </part>
  </relatedItem>
  <location>
    <url></url>
  </location>
</mods>
</foxml:xmlContent>
</foxml:datastreamVersion>
<foxml:datastreamVersion ID="descMetadata.4" LABEL="" CREATED="2011-01-25T19:43:20.844Z" MIMETYPE="text/xml" SIZE="1486">
<foxml:xmlContent>
<mods xmlns="http://www.loc.gov/mods/v3" xmlns:xlink="http://www.w3.org/1999/xlink" xmlns:xsi="http://www.w3.org/2001/XMLSchema-instance" version="3.3" xsi:schemaLocation="http://www.loc.gov/mods/v3 http://www.loc.gov/standards/mods/v3/mods-3-3.xsd">
  <titleInfo lang="">
    <title></title>
  </titleInfo>
  <name type="personal">
    <namePart type="given"></namePart>
    <namePart type="family"></namePart>
    <affiliation>University of Virginia</affiliation>
    <computing_id>meg2e</computing_id>
    <description>School of Nursing</description>
    <role>
      <roleTerm authority="marcrelator" type="text">Author</roleTerm>
    </role>
  </name>
  <typeOfResource></typeOfResource>
  <genre authority="marcgt"></genre>
  <language>
    <languageTerm authority="iso639-2b" type="code"></languageTerm>
  </language>
  <abstract></abstract>
  <subject>
    <topic></topic>
  </subject>
  <relatedItem type="host">
    <titleInfo>
      <title></title>
    </titleInfo>
    <identifier type="issn"></identifier>
    <originInfo>
      <publisher></publisher>
      <dateIssued></dateIssued>
      <issuance></issuance>
    </originInfo>
    <part>
      <detail type="volume">
        <number></number>
      </detail>
      <detail type="number">
        <number></number>
      </detail>
      <extent unit="pages">
        <start></start>
        <end></end>
      </extent>
      <date></date>
    </part>
  </relatedItem>
  <location>
    <url></url>
  </location>
</mods>
</foxml:xmlContent>
</foxml:datastreamVersion>
<foxml:datastreamVersion ID="descMetadata.5" LABEL="" CREATED="2011-01-25T19:43:22.099Z" MIMETYPE="text/xml" SIZE="1469">
<foxml:xmlContent>
<mods xmlns="http://www.loc.gov/mods/v3" xmlns:xlink="http://www.w3.org/1999/xlink" xmlns:xsi="http://www.w3.org/2001/XMLSchema-instance" version="3.3" xsi:schemaLocation="http://www.loc.gov/mods/v3 http://www.loc.gov/standards/mods/v3/mods-3-3.xsd">
  <titleInfo lang="">
    <title></title>
  </titleInfo>
  <name type="personal">
    <namePart type="given"></namePart>
    <namePart type="family"></namePart>
    <affiliation>University of Virginia</affiliation>
    <computing_id>meg2e</computing_id>
    <description></description>
    <role>
      <roleTerm authority="marcrelator" type="text">Author</roleTerm>
    </role>
  </name>
  <typeOfResource></typeOfResource>
  <genre authority="marcgt"></genre>
  <language>
    <languageTerm authority="iso639-2b" type="code"></languageTerm>
  </language>
  <abstract></abstract>
  <subject>
    <topic></topic>
  </subject>
  <relatedItem type="host">
    <titleInfo>
      <title></title>
    </titleInfo>
    <identifier type="issn"></identifier>
    <originInfo>
      <publisher></publisher>
      <dateIssued></dateIssued>
      <issuance></issuance>
    </originInfo>
    <part>
      <detail type="volume">
        <number></number>
      </detail>
      <detail type="number">
        <number></number>
      </detail>
      <extent unit="pages">
        <start></start>
        <end></end>
      </extent>
      <date></date>
    </part>
  </relatedItem>
  <location>
    <url></url>
  </location>
</mods>
</foxml:xmlContent>
</foxml:datastreamVersion>
<foxml:datastreamVersion ID="descMetadata.6" LABEL="" CREATED="2011-01-25T19:43:24.023Z" MIMETYPE="text/xml" SIZE="1469">
<foxml:xmlContent>
<mods xmlns="http://www.loc.gov/mods/v3" xmlns:xlink="http://www.w3.org/1999/xlink" xmlns:xsi="http://www.w3.org/2001/XMLSchema-instance" version="3.3" xsi:schemaLocation="http://www.loc.gov/mods/v3 http://www.loc.gov/standards/mods/v3/mods-3-3.xsd">
  <titleInfo lang="">
    <title></title>
  </titleInfo>
  <name type="personal">
    <namePart type="given"></namePart>
    <namePart type="family"></namePart>
    <affiliation>University of Virginia</affiliation>
    <computing_id>meg2e</computing_id>
    <description></description>
    <role>
      <roleTerm authority="marcrelator" type="text">Author</roleTerm>
    </role>
  </name>
  <typeOfResource></typeOfResource>
  <genre authority="marcgt"></genre>
  <language>
    <languageTerm authority="iso639-2b" type="code"></languageTerm>
  </language>
  <abstract></abstract>
  <subject>
    <topic></topic>
  </subject>
  <relatedItem type="host">
    <titleInfo>
      <title></title>
    </titleInfo>
    <identifier type="issn"></identifier>
    <originInfo>
      <publisher></publisher>
      <dateIssued></dateIssued>
      <issuance></issuance>
    </originInfo>
    <part>
      <detail type="volume">
        <number></number>
      </detail>
      <detail type="number">
        <number></number>
      </detail>
      <extent unit="pages">
        <start></start>
        <end></end>
      </extent>
      <date></date>
    </part>
  </relatedItem>
  <location>
    <url></url>
  </location>
</mods>
</foxml:xmlContent>
</foxml:datastreamVersion>
<foxml:datastreamVersion ID="descMetadata.7" LABEL="" CREATED="2011-01-25T19:43:27.523Z" MIMETYPE="text/xml" SIZE="1496">
<foxml:xmlContent>
<mods xmlns="http://www.loc.gov/mods/v3" xmlns:xlink="http://www.w3.org/1999/xlink" xmlns:xsi="http://www.w3.org/2001/XMLSchema-instance" version="3.3" xsi:schemaLocation="http://www.loc.gov/mods/v3 http://www.loc.gov/standards/mods/v3/mods-3-3.xsd">
  <titleInfo lang="">
    <title></title>
  </titleInfo>
  <name type="personal">
    <namePart type="given">Mary</namePart>
    <namePart type="family">Gibson</namePart>
    <affiliation>University of Virginia</affiliation>
    <computing_id>meg2e</computing_id>
    <description>School of Nursing</description>
    <role>
      <roleTerm authority="marcrelator" type="text">Author</roleTerm>
    </role>
  </name>
  <typeOfResource></typeOfResource>
  <genre authority="marcgt"></genre>
  <language>
    <languageTerm authority="iso639-2b" type="code"></languageTerm>
  </language>
  <abstract></abstract>
  <subject>
    <topic></topic>
  </subject>
  <relatedItem type="host">
    <titleInfo>
      <title></title>
    </titleInfo>
    <identifier type="issn"></identifier>
    <originInfo>
      <publisher></publisher>
      <dateIssued></dateIssued>
      <issuance></issuance>
    </originInfo>
    <part>
      <detail type="volume">
        <number></number>
      </detail>
      <detail type="number">
        <number></number>
      </detail>
      <extent unit="pages">
        <start></start>
        <end></end>
      </extent>
      <date></date>
    </part>
  </relatedItem>
  <location>
    <url></url>
  </location>
</mods>
</foxml:xmlContent>
</foxml:datastreamVersion>
<foxml:datastreamVersion ID="descMetadata.8" LABEL="" CREATED="2011-01-25T19:43:29.531Z" MIMETYPE="text/xml" SIZE="1492">
<foxml:xmlContent>
<mods xmlns="http://www.loc.gov/mods/v3" xmlns:xlink="http://www.w3.org/1999/xlink" xmlns:xsi="http://www.w3.org/2001/XMLSchema-instance" version="3.3" xsi:schemaLocation="http://www.loc.gov/mods/v3 http://www.loc.gov/standards/mods/v3/mods-3-3.xsd">
  <titleInfo lang="">
    <title></title>
  </titleInfo>
  <name type="personal">
    <namePart type="given"></namePart>
    <namePart type="family">Gibson</namePart>
    <affiliation>University of Virginia</affiliation>
    <computing_id>meg2e</computing_id>
    <description>School of Nursing</description>
    <role>
      <roleTerm authority="marcrelator" type="text">Author</roleTerm>
    </role>
  </name>
  <typeOfResource></typeOfResource>
  <genre authority="marcgt"></genre>
  <language>
    <languageTerm authority="iso639-2b" type="code"></languageTerm>
  </language>
  <abstract></abstract>
  <subject>
    <topic></topic>
  </subject>
  <relatedItem type="host">
    <titleInfo>
      <title></title>
    </titleInfo>
    <identifier type="issn"></identifier>
    <originInfo>
      <publisher></publisher>
      <dateIssued></dateIssued>
      <issuance></issuance>
    </originInfo>
    <part>
      <detail type="volume">
        <number></number>
      </detail>
      <detail type="number">
        <number></number>
      </detail>
      <extent unit="pages">
        <start></start>
        <end></end>
      </extent>
      <date></date>
    </part>
  </relatedItem>
  <location>
    <url></url>
  </location>
</mods>
</foxml:xmlContent>
</foxml:datastreamVersion>
<foxml:datastreamVersion ID="descMetadata.9" LABEL="" CREATED="2011-01-25T19:43:31.508Z" MIMETYPE="text/xml" SIZE="1496">
<foxml:xmlContent>
<mods xmlns="http://www.loc.gov/mods/v3" xmlns:xlink="http://www.w3.org/1999/xlink" xmlns:xsi="http://www.w3.org/2001/XMLSchema-instance" version="3.3" xsi:schemaLocation="http://www.loc.gov/mods/v3 http://www.loc.gov/standards/mods/v3/mods-3-3.xsd">
  <titleInfo lang="">
    <title></title>
  </titleInfo>
  <name type="personal">
    <namePart type="given">Mary</namePart>
    <namePart type="family">Gibson</namePart>
    <affiliation>University of Virginia</affiliation>
    <computing_id>meg2e</computing_id>
    <description>School of Nursing</description>
    <role>
      <roleTerm authority="marcrelator" type="text">Author</roleTerm>
    </role>
  </name>
  <typeOfResource></typeOfResource>
  <genre authority="marcgt"></genre>
  <language>
    <languageTerm authority="iso639-2b" type="code"></languageTerm>
  </language>
  <abstract></abstract>
  <subject>
    <topic></topic>
  </subject>
  <relatedItem type="host">
    <titleInfo>
      <title></title>
    </titleInfo>
    <identifier type="issn"></identifier>
    <originInfo>
      <publisher></publisher>
      <dateIssued></dateIssued>
      <issuance></issuance>
    </originInfo>
    <part>
      <detail type="volume">
        <number></number>
      </detail>
      <detail type="number">
        <number></number>
      </detail>
      <extent unit="pages">
        <start></start>
        <end></end>
      </extent>
      <date></date>
    </part>
  </relatedItem>
  <location>
    <url></url>
  </location>
</mods>
</foxml:xmlContent>
</foxml:datastreamVersion>
<foxml:datastreamVersion ID="descMetadata.10" LABEL="" CREATED="2011-01-25T19:43:36.634Z" MIMETYPE="text/xml" SIZE="1496">
<foxml:xmlContent>
<mods xmlns="http://www.loc.gov/mods/v3" xmlns:xlink="http://www.w3.org/1999/xlink" xmlns:xsi="http://www.w3.org/2001/XMLSchema-instance" version="3.3" xsi:schemaLocation="http://www.loc.gov/mods/v3 http://www.loc.gov/standards/mods/v3/mods-3-3.xsd">
  <titleInfo lang="">
    <title></title>
  </titleInfo>
  <name type="personal">
    <namePart type="given">Mary</namePart>
    <namePart type="family">Gibson</namePart>
    <affiliation>University of Virginia</affiliation>
    <computing_id>meg2e</computing_id>
    <description>School of Nursing</description>
    <role>
      <roleTerm authority="marcrelator" type="text">Author</roleTerm>
    </role>
  </name>
  <typeOfResource></typeOfResource>
  <genre authority="marcgt"></genre>
  <language>
    <languageTerm authority="iso639-2b" type="code"></languageTerm>
  </language>
  <abstract></abstract>
  <subject>
    <topic></topic>
  </subject>
  <relatedItem type="host">
    <titleInfo>
      <title></title>
    </titleInfo>
    <identifier type="issn"></identifier>
    <originInfo>
      <publisher></publisher>
      <dateIssued></dateIssued>
      <issuance></issuance>
    </originInfo>
    <part>
      <detail type="volume">
        <number></number>
      </detail>
      <detail type="number">
        <number></number>
      </detail>
      <extent unit="pages">
        <start></start>
        <end></end>
      </extent>
      <date></date>
    </part>
  </relatedItem>
  <location>
    <url></url>
  </location>
</mods>
</foxml:xmlContent>
</foxml:datastreamVersion>
<foxml:datastreamVersion ID="descMetadata.11" LABEL="" CREATED="2011-01-25T19:43:46.743Z" MIMETYPE="text/xml" SIZE="1504">
<foxml:xmlContent>
<mods xmlns="http://www.loc.gov/mods/v3" xmlns:xlink="http://www.w3.org/1999/xlink" xmlns:xsi="http://www.w3.org/2001/XMLSchema-instance" version="3.3" xsi:schemaLocation="http://www.loc.gov/mods/v3 http://www.loc.gov/standards/mods/v3/mods-3-3.xsd">
  <titleInfo lang="">
    <title>my title</title>
  </titleInfo>
  <name type="personal">
    <namePart type="given">Mary</namePart>
    <namePart type="family">Gibson</namePart>
    <affiliation>University of Virginia</affiliation>
    <computing_id>meg2e</computing_id>
    <description>School of Nursing</description>
    <role>
      <roleTerm authority="marcrelator" type="text">Author</roleTerm>
    </role>
  </name>
  <typeOfResource></typeOfResource>
  <genre authority="marcgt"></genre>
  <language>
    <languageTerm authority="iso639-2b" type="code"></languageTerm>
  </language>
  <abstract></abstract>
  <subject>
    <topic></topic>
  </subject>
  <relatedItem type="host">
    <titleInfo>
      <title></title>
    </titleInfo>
    <identifier type="issn"></identifier>
    <originInfo>
      <publisher></publisher>
      <dateIssued></dateIssued>
      <issuance></issuance>
    </originInfo>
    <part>
      <detail type="volume">
        <number></number>
      </detail>
      <detail type="number">
        <number></number>
      </detail>
      <extent unit="pages">
        <start></start>
        <end></end>
      </extent>
      <date></date>
    </part>
  </relatedItem>
  <location>
    <url></url>
  </location>
</mods>
</foxml:xmlContent>
</foxml:datastreamVersion>
<foxml:datastreamVersion ID="descMetadata.12" LABEL="" CREATED="2011-01-25T19:43:58.824Z" MIMETYPE="text/xml" SIZE="1504">
<foxml:xmlContent>
<mods xmlns="http://www.loc.gov/mods/v3" xmlns:xlink="http://www.w3.org/1999/xlink" xmlns:xsi="http://www.w3.org/2001/XMLSchema-instance" version="3.3" xsi:schemaLocation="http://www.loc.gov/mods/v3 http://www.loc.gov/standards/mods/v3/mods-3-3.xsd">
  <titleInfo lang="">
    <title>my title</title>
  </titleInfo>
  <name type="personal">
    <namePart type="given">Mary</namePart>
    <namePart type="family">Gibson</namePart>
    <affiliation>University of Virginia</affiliation>
    <computing_id>meg2e</computing_id>
    <description>School of Nursing</description>
    <role>
      <roleTerm authority="marcrelator" type="text">Author</roleTerm>
    </role>
  </name>
  <typeOfResource></typeOfResource>
  <genre authority="marcgt"></genre>
  <language>
    <languageTerm authority="iso639-2b" type="code"></languageTerm>
  </language>
  <abstract></abstract>
  <subject>
    <topic></topic>
  </subject>
  <relatedItem type="host">
    <titleInfo>
      <title></title>
    </titleInfo>
    <identifier type="issn"></identifier>
    <originInfo>
      <publisher></publisher>
      <dateIssued></dateIssued>
      <issuance></issuance>
    </originInfo>
    <part>
      <detail type="volume">
        <number></number>
      </detail>
      <detail type="number">
        <number></number>
      </detail>
      <extent unit="pages">
        <start></start>
        <end></end>
      </extent>
      <date></date>
    </part>
  </relatedItem>
  <location>
    <url></url>
  </location>
</mods>
</foxml:xmlContent>
</foxml:datastreamVersion>
<foxml:datastreamVersion ID="descMetadata.13" LABEL="" CREATED="2011-01-25T19:44:08.475Z" MIMETYPE="text/xml" SIZE="1542">
<foxml:xmlContent>
<mods xmlns="http://www.loc.gov/mods/v3" xmlns:xlink="http://www.w3.org/1999/xlink" xmlns:xsi="http://www.w3.org/2001/XMLSchema-instance" version="3.3" xsi:schemaLocation="http://www.loc.gov/mods/v3 http://www.loc.gov/standards/mods/v3/mods-3-3.xsd">
  <titleInfo lang="">
    <title>The Smallest Victims of the “White Plague”</title>
  </titleInfo>
  <name type="personal">
    <namePart type="given">Mary</namePart>
    <namePart type="family">Gibson</namePart>
    <affiliation>University of Virginia</affiliation>
    <computing_id>meg2e</computing_id>
    <description>School of Nursing</description>
    <role>
      <roleTerm authority="marcrelator" type="text">Author</roleTerm>
    </role>
  </name>
  <typeOfResource></typeOfResource>
  <genre authority="marcgt"></genre>
  <language>
    <languageTerm authority="iso639-2b" type="code"></languageTerm>
  </language>
  <abstract></abstract>
  <subject>
    <topic></topic>
  </subject>
  <relatedItem type="host">
    <titleInfo>
      <title></title>
    </titleInfo>
    <identifier type="issn"></identifier>
    <originInfo>
      <publisher></publisher>
      <dateIssued></dateIssued>
      <issuance></issuance>
    </originInfo>
    <part>
      <detail type="volume">
        <number></number>
      </detail>
      <detail type="number">
        <number></number>
      </detail>
      <extent unit="pages">
        <start></start>
        <end></end>
      </extent>
      <date></date>
    </part>
  </relatedItem>
  <location>
    <url></url>
  </location>
</mods>
</foxml:xmlContent>
</foxml:datastreamVersion>
<foxml:datastreamVersion ID="descMetadata.14" LABEL="" CREATED="2011-01-25T19:44:39.131Z" MIMETYPE="text/xml" SIZE="1559">
<foxml:xmlContent>
<mods xmlns="http://www.loc.gov/mods/v3" xmlns:xlink="http://www.w3.org/1999/xlink" xmlns:xsi="http://www.w3.org/2001/XMLSchema-instance" version="3.3" xsi:schemaLocation="http://www.loc.gov/mods/v3 http://www.loc.gov/standards/mods/v3/mods-3-3.xsd">
  <titleInfo lang="">
    <title>The Smallest Victims of the “White Plague”</title>
  </titleInfo>
  <name type="personal">
    <namePart type="given">Mary</namePart>
    <namePart type="family">Gibson</namePart>
    <affiliation>University of Virginia</affiliation>
    <computing_id>meg2e</computing_id>
    <description>School of Nursing</description>
    <role>
      <roleTerm authority="marcrelator" type="text">Author</roleTerm>
    </role>
  </name>
  <typeOfResource></typeOfResource>
  <genre authority="marcgt"></genre>
  <language>
    <languageTerm authority="iso639-2b" type="code"></languageTerm>
  </language>
  <abstract></abstract>
  <subject>
    <topic></topic>
  </subject>
  <relatedItem type="host">
    <titleInfo>
      <title>Pediatric Nursing</title>
    </titleInfo>
    <identifier type="issn"></identifier>
    <originInfo>
      <publisher></publisher>
      <dateIssued></dateIssued>
      <issuance></issuance>
    </originInfo>
    <part>
      <detail type="volume">
        <number></number>
      </detail>
      <detail type="number">
        <number></number>
      </detail>
      <extent unit="pages">
        <start></start>
        <end></end>
      </extent>
      <date></date>
    </part>
  </relatedItem>
  <location>
    <url></url>
  </location>
</mods>
</foxml:xmlContent>
</foxml:datastreamVersion>
<foxml:datastreamVersion ID="descMetadata.15" LABEL="" CREATED="2011-01-25T19:44:41.553Z" MIMETYPE="text/xml" SIZE="1488">
<foxml:xmlContent>
<mods xmlns="http://www.loc.gov/mods/v3" xmlns:xlink="http://www.w3.org/1999/xlink" xmlns:xsi="http://www.w3.org/2001/XMLSchema-instance" version="3.3" xsi:schemaLocation="http://www.loc.gov/mods/v3 http://www.loc.gov/standards/mods/v3/mods-3-3.xsd">
  <titleInfo lang="">
    <title>The Smallest Victims of the “White Plague”</title>
  </titleInfo>
  <name type="personal">
    <namePart type="given">Mary</namePart>
    <namePart type="family">Gibson</namePart>
    <affiliation>University of Virginia</affiliation>
    <computing_id>meg2e</computing_id>
    <description>School of Nursing</description>
    <role>
      <roleTerm authority="marcrelator" type="text">Author</roleTerm>
    </role>
  </name>
  <typeOfResource></typeOfResource>
  <genre authority="marcgt"></genre>
  <language>
    <languageTerm authority="iso639-2b" type="code"></languageTerm>
  </language>
  <abstract></abstract>
  <subject>
    <topic></topic>
  </subject>
  <relatedItem type="host">
    <titleInfo>
      <title>Pediatric Nursing</title>
    </titleInfo>
    <identifier type="issn"></identifier>
    <originInfo>
      <publisher></publisher>
      <dateIssued></dateIssued>
      <issuance></issuance>
    </originInfo>
    <part>
      <detail type="number">
        <number></number>
      </detail>
      <extent unit="pages">
        <start></start>
        <end></end>
      </extent>
      <date></date>
    </part>
  </relatedItem>
  <location>
    <url></url>
  </location>
</mods>
</foxml:xmlContent>
</foxml:datastreamVersion>
<foxml:datastreamVersion ID="descMetadata.16" LABEL="" CREATED="2011-01-25T19:44:47.000Z" MIMETYPE="text/xml" SIZE="1561">
<foxml:xmlContent>
<mods xmlns="http://www.loc.gov/mods/v3" xmlns:xlink="http://www.w3.org/1999/xlink" xmlns:xsi="http://www.w3.org/2001/XMLSchema-instance" version="3.3" xsi:schemaLocation="http://www.loc.gov/mods/v3 http://www.loc.gov/standards/mods/v3/mods-3-3.xsd">
  <titleInfo lang="">
    <title>The Smallest Victims of the “White Plague”</title>
  </titleInfo>
  <name type="personal">
    <namePart type="given">Mary</namePart>
    <namePart type="family">Gibson</namePart>
    <affiliation>University of Virginia</affiliation>
    <computing_id>meg2e</computing_id>
    <description>School of Nursing</description>
    <role>
      <roleTerm authority="marcrelator" type="text">Author</roleTerm>
    </role>
  </name>
  <typeOfResource></typeOfResource>
  <genre authority="marcgt"></genre>
  <language>
    <languageTerm authority="iso639-2b" type="code"></languageTerm>
  </language>
  <abstract></abstract>
  <subject>
    <topic></topic>
  </subject>
  <relatedItem type="host">
    <titleInfo>
      <title>Pediatric Nursing</title>
    </titleInfo>
    <identifier type="issn"></identifier>
    <originInfo>
      <publisher></publisher>
      <dateIssued></dateIssued>
      <issuance></issuance>
    </originInfo>
    <part>
      <detail type="number">
        <number></number>
      </detail>
      <extent unit="pages">
        <start></start>
        <end></end>
      </extent>
      <date></date>
      <detail type="volume">
        <number>32</number>
      </detail>
    </part>
  </relatedItem>
  <location>
    <url></url>
  </location>
</mods>
</foxml:xmlContent>
</foxml:datastreamVersion>
<foxml:datastreamVersion ID="descMetadata.17" LABEL="" CREATED="2011-01-25T19:44:48.702Z" MIMETYPE="text/xml" SIZE="1529">
<foxml:xmlContent>
<mods xmlns="http://www.loc.gov/mods/v3" xmlns:xlink="http://www.w3.org/1999/xlink" xmlns:xsi="http://www.w3.org/2001/XMLSchema-instance" version="3.3" xsi:schemaLocation="http://www.loc.gov/mods/v3 http://www.loc.gov/standards/mods/v3/mods-3-3.xsd">
  <titleInfo lang="">
    <title>The Smallest Victims of the “White Plague”</title>
  </titleInfo>
  <name type="personal">
    <namePart type="given">Mary</namePart>
    <namePart type="family">Gibson</namePart>
    <affiliation>University of Virginia</affiliation>
    <computing_id>meg2e</computing_id>
    <description>School of Nursing</description>
    <role>
      <roleTerm authority="marcrelator" type="text">Author</roleTerm>
    </role>
  </name>
  <typeOfResource></typeOfResource>
  <genre authority="marcgt"></genre>
  <language>
    <languageTerm authority="iso639-2b" type="code"></languageTerm>
  </language>
  <abstract></abstract>
  <subject>
    <topic></topic>
  </subject>
  <relatedItem type="host">
    <titleInfo>
      <title>Pediatric Nursing</title>
    </titleInfo>
    <identifier type="issn"></identifier>
    <originInfo>
      <publisher></publisher>
      <dateIssued></dateIssued>
      <issuance></issuance>
    </originInfo>
    <part>
      <detail type="number">1</detail>
      <extent unit="pages">
        <start></start>
        <end></end>
      </extent>
      <date></date>
      <detail type="volume">
        <number>32</number>
      </detail>
    </part>
  </relatedItem>
  <location>
    <url></url>
  </location>
</mods>
</foxml:xmlContent>
</foxml:datastreamVersion>
<foxml:datastreamVersion ID="descMetadata.18" LABEL="" CREATED="2011-01-25T19:44:51.077Z" MIMETYPE="text/xml" SIZE="1531">
<foxml:xmlContent>
<mods xmlns="http://www.loc.gov/mods/v3" xmlns:xlink="http://www.w3.org/1999/xlink" xmlns:xsi="http://www.w3.org/2001/XMLSchema-instance" version="3.3" xsi:schemaLocation="http://www.loc.gov/mods/v3 http://www.loc.gov/standards/mods/v3/mods-3-3.xsd">
  <titleInfo lang="">
    <title>The Smallest Victims of the “White Plague”</title>
  </titleInfo>
  <name type="personal">
    <namePart type="given">Mary</namePart>
    <namePart type="family">Gibson</namePart>
    <affiliation>University of Virginia</affiliation>
    <computing_id>meg2e</computing_id>
    <description>School of Nursing</description>
    <role>
      <roleTerm authority="marcrelator" type="text">Author</roleTerm>
    </role>
  </name>
  <typeOfResource></typeOfResource>
  <genre authority="marcgt"></genre>
  <language>
    <languageTerm authority="iso639-2b" type="code"></languageTerm>
  </language>
  <abstract></abstract>
  <subject>
    <topic></topic>
  </subject>
  <relatedItem type="host">
    <titleInfo>
      <title>Pediatric Nursing</title>
    </titleInfo>
    <identifier type="issn"></identifier>
    <originInfo>
      <publisher></publisher>
      <dateIssued></dateIssued>
      <issuance></issuance>
    </originInfo>
    <part>
      <detail type="number">1</detail>
      <extent unit="pages">
        <start>71</start>
        <end></end>
      </extent>
      <date></date>
      <detail type="volume">
        <number>32</number>
      </detail>
    </part>
  </relatedItem>
  <location>
    <url></url>
  </location>
</mods>
</foxml:xmlContent>
</foxml:datastreamVersion>
<foxml:datastreamVersion ID="descMetadata.19" LABEL="" CREATED="2011-01-25T19:44:53.373Z" MIMETYPE="text/xml" SIZE="1533">
<foxml:xmlContent>
<mods xmlns="http://www.loc.gov/mods/v3" xmlns:xlink="http://www.w3.org/1999/xlink" xmlns:xsi="http://www.w3.org/2001/XMLSchema-instance" version="3.3" xsi:schemaLocation="http://www.loc.gov/mods/v3 http://www.loc.gov/standards/mods/v3/mods-3-3.xsd">
  <titleInfo lang="">
    <title>The Smallest Victims of the “White Plague”</title>
  </titleInfo>
  <name type="personal">
    <namePart type="given">Mary</namePart>
    <namePart type="family">Gibson</namePart>
    <affiliation>University of Virginia</affiliation>
    <computing_id>meg2e</computing_id>
    <description>School of Nursing</description>
    <role>
      <roleTerm authority="marcrelator" type="text">Author</roleTerm>
    </role>
  </name>
  <typeOfResource></typeOfResource>
  <genre authority="marcgt"></genre>
  <language>
    <languageTerm authority="iso639-2b" type="code"></languageTerm>
  </language>
  <abstract></abstract>
  <subject>
    <topic></topic>
  </subject>
  <relatedItem type="host">
    <titleInfo>
      <title>Pediatric Nursing</title>
    </titleInfo>
    <identifier type="issn"></identifier>
    <originInfo>
      <publisher></publisher>
      <dateIssued></dateIssued>
      <issuance></issuance>
    </originInfo>
    <part>
      <detail type="number">1</detail>
      <extent unit="pages">
        <start>71</start>
        <end>81</end>
      </extent>
      <date></date>
      <detail type="volume">
        <number>32</number>
      </detail>
    </part>
  </relatedItem>
  <location>
    <url></url>
  </location>
</mods>
</foxml:xmlContent>
</foxml:datastreamVersion>
<foxml:datastreamVersion ID="descMetadata.20" LABEL="" CREATED="2011-01-25T19:44:55.629Z" MIMETYPE="text/xml" SIZE="1533">
<foxml:xmlContent>
<mods xmlns="http://www.loc.gov/mods/v3" xmlns:xlink="http://www.w3.org/1999/xlink" xmlns:xsi="http://www.w3.org/2001/XMLSchema-instance" version="3.3" xsi:schemaLocation="http://www.loc.gov/mods/v3 http://www.loc.gov/standards/mods/v3/mods-3-3.xsd">
  <titleInfo lang="">
    <title>The Smallest Victims of the “White Plague”</title>
  </titleInfo>
  <name type="personal">
    <namePart type="given">Mary</namePart>
    <namePart type="family">Gibson</namePart>
    <affiliation>University of Virginia</affiliation>
    <computing_id>meg2e</computing_id>
    <description>School of Nursing</description>
    <role>
      <roleTerm authority="marcrelator" type="text">Author</roleTerm>
    </role>
  </name>
  <typeOfResource></typeOfResource>
  <genre authority="marcgt"></genre>
  <language>
    <languageTerm authority="iso639-2b" type="code"></languageTerm>
  </language>
  <abstract></abstract>
  <subject>
    <topic></topic>
  </subject>
  <relatedItem type="host">
    <titleInfo>
      <title>Pediatric Nursing</title>
    </titleInfo>
    <identifier type="issn"></identifier>
    <originInfo>
      <publisher></publisher>
      <dateIssued></dateIssued>
      <issuance></issuance>
    </originInfo>
    <part>
      <detail type="number">1</detail>
      <extent unit="pages">
        <start>71</start>
        <end>81</end>
      </extent>
      <date></date>
      <detail type="volume">
        <number>32</number>
      </detail>
    </part>
  </relatedItem>
  <location>
    <url></url>
  </location>
</mods>
</foxml:xmlContent>
</foxml:datastreamVersion>
<foxml:datastreamVersion ID="descMetadata.21" LABEL="" CREATED="2011-01-25T19:45:07.030Z" MIMETYPE="text/xml" SIZE="1554">
<foxml:xmlContent>
<mods xmlns="http://www.loc.gov/mods/v3" xmlns:xlink="http://www.w3.org/1999/xlink" xmlns:xsi="http://www.w3.org/2001/XMLSchema-instance" version="3.3" xsi:schemaLocation="http://www.loc.gov/mods/v3 http://www.loc.gov/standards/mods/v3/mods-3-3.xsd">
  <titleInfo lang="">
    <title>The Smallest Victims of the “White Plague”</title>
  </titleInfo>
  <name type="personal">
    <namePart type="given">Mary</namePart>
    <namePart type="family">Gibson</namePart>
    <affiliation>University of Virginia</affiliation>
    <computing_id>meg2e</computing_id>
    <description>School of Nursing</description>
    <role>
      <roleTerm authority="marcrelator" type="text">Author</roleTerm>
    </role>
  </name>
  <typeOfResource></typeOfResource>
  <genre authority="marcgt"></genre>
  <language>
    <languageTerm authority="iso639-2b" type="code"></languageTerm>
  </language>
  <abstract></abstract>
  <subject>
    <topic></topic>
  </subject>
  <relatedItem type="host">
    <titleInfo>
      <title>Pediatric Nursing</title>
    </titleInfo>
    <identifier type="issn"></identifier>
    <originInfo>
      <publisher>Jannetti Publications</publisher>
      <dateIssued></dateIssued>
      <issuance></issuance>
    </originInfo>
    <part>
      <detail type="number">1</detail>
      <extent unit="pages">
        <start>71</start>
        <end>81</end>
      </extent>
      <date></date>
      <detail type="volume">
        <number>32</number>
      </detail>
    </part>
  </relatedItem>
  <location>
    <url></url>
  </location>
</mods>
</foxml:xmlContent>
</foxml:datastreamVersion>
<foxml:datastreamVersion ID="descMetadata.22" LABEL="" CREATED="2011-01-25T19:45:09.030Z" MIMETYPE="text/xml" SIZE="1554">
<foxml:xmlContent>
<mods xmlns="http://www.loc.gov/mods/v3" xmlns:xlink="http://www.w3.org/1999/xlink" xmlns:xsi="http://www.w3.org/2001/XMLSchema-instance" version="3.3" xsi:schemaLocation="http://www.loc.gov/mods/v3 http://www.loc.gov/standards/mods/v3/mods-3-3.xsd">
  <titleInfo lang="">
    <title>The Smallest Victims of the “White Plague”</title>
  </titleInfo>
  <name type="personal">
    <namePart type="given">Mary</namePart>
    <namePart type="family">Gibson</namePart>
    <affiliation>University of Virginia</affiliation>
    <computing_id>meg2e</computing_id>
    <description>School of Nursing</description>
    <role>
      <roleTerm authority="marcrelator" type="text">Author</roleTerm>
    </role>
  </name>
  <typeOfResource></typeOfResource>
  <genre authority="marcgt"></genre>
  <language>
    <languageTerm authority="iso639-2b" type="code"></languageTerm>
  </language>
  <abstract></abstract>
  <subject>
    <topic></topic>
  </subject>
  <relatedItem type="host">
    <titleInfo>
      <title>Pediatric Nursing</title>
    </titleInfo>
    <identifier type="issn"></identifier>
    <originInfo>
      <publisher>Jannetti Publications</publisher>
      <dateIssued></dateIssued>
      <issuance></issuance>
    </originInfo>
    <part>
      <detail type="number">1</detail>
      <extent unit="pages">
        <start>71</start>
        <end>81</end>
      </extent>
      <date></date>
      <detail type="volume">
        <number>32</number>
      </detail>
    </part>
  </relatedItem>
  <location>
    <url></url>
  </location>
</mods>
</foxml:xmlContent>
</foxml:datastreamVersion>
<foxml:datastreamVersion ID="descMetadata.23" LABEL="" CREATED="2011-01-25T19:45:16.024Z" MIMETYPE="text/xml" SIZE="1563">
<foxml:xmlContent>
<mods xmlns="http://www.loc.gov/mods/v3" xmlns:xlink="http://www.w3.org/1999/xlink" xmlns:xsi="http://www.w3.org/2001/XMLSchema-instance" version="3.3" xsi:schemaLocation="http://www.loc.gov/mods/v3 http://www.loc.gov/standards/mods/v3/mods-3-3.xsd">
  <titleInfo lang="">
    <title>The Smallest Victims of the “White Plague”</title>
  </titleInfo>
  <name type="personal">
    <namePart type="given">Mary</namePart>
    <namePart type="family">Gibson</namePart>
    <affiliation>University of Virginia</affiliation>
    <computing_id>meg2e</computing_id>
    <description>School of Nursing</description>
    <role>
      <roleTerm authority="marcrelator" type="text">Author</roleTerm>
    </role>
  </name>
  <typeOfResource></typeOfResource>
  <genre authority="marcgt"></genre>
  <language>
    <languageTerm authority="iso639-2b" type="code"></languageTerm>
  </language>
  <abstract></abstract>
  <subject>
    <topic></topic>
  </subject>
  <relatedItem type="host">
    <titleInfo>
      <title>Pediatric Nursing</title>
    </titleInfo>
    <identifier type="issn">0097-9805</identifier>
    <originInfo>
      <publisher>Jannetti Publications</publisher>
      <dateIssued></dateIssued>
      <issuance></issuance>
    </originInfo>
    <part>
      <detail type="number">1</detail>
      <extent unit="pages">
        <start>71</start>
        <end>81</end>
      </extent>
      <date></date>
      <detail type="volume">
        <number>32</number>
      </detail>
    </part>
  </relatedItem>
  <location>
    <url></url>
  </location>
</mods>
</foxml:xmlContent>
</foxml:datastreamVersion>
<foxml:datastreamVersion ID="descMetadata.24" LABEL="" CREATED="2011-01-25T19:45:17.976Z" MIMETYPE="text/xml" SIZE="1563">
<foxml:xmlContent>
<mods xmlns="http://www.loc.gov/mods/v3" xmlns:xlink="http://www.w3.org/1999/xlink" xmlns:xsi="http://www.w3.org/2001/XMLSchema-instance" version="3.3" xsi:schemaLocation="http://www.loc.gov/mods/v3 http://www.loc.gov/standards/mods/v3/mods-3-3.xsd">
  <titleInfo lang="">
    <title>The Smallest Victims of the “White Plague”</title>
  </titleInfo>
  <name type="personal">
    <namePart type="given">Mary</namePart>
    <namePart type="family">Gibson</namePart>
    <affiliation>University of Virginia</affiliation>
    <computing_id>meg2e</computing_id>
    <description>School of Nursing</description>
    <role>
      <roleTerm authority="marcrelator" type="text">Author</roleTerm>
    </role>
  </name>
  <typeOfResource></typeOfResource>
  <genre authority="marcgt"></genre>
  <language>
    <languageTerm authority="iso639-2b" type="code"></languageTerm>
  </language>
  <abstract></abstract>
  <subject>
    <topic></topic>
  </subject>
  <relatedItem type="host">
    <titleInfo>
      <title>Pediatric Nursing</title>
    </titleInfo>
    <identifier type="issn">0097-9805</identifier>
    <originInfo>
      <publisher>Jannetti Publications</publisher>
      <dateIssued></dateIssued>
      <issuance></issuance>
    </originInfo>
    <part>
      <detail type="number">1</detail>
      <extent unit="pages">
        <start>71</start>
        <end>81</end>
      </extent>
      <date></date>
      <detail type="volume">
        <number>32</number>
      </detail>
    </part>
  </relatedItem>
  <location>
    <url></url>
  </location>
</mods>
</foxml:xmlContent>
</foxml:datastreamVersion>
<foxml:datastreamVersion ID="descMetadata.25" LABEL="" CREATED="2011-01-25T19:45:27.654Z" MIMETYPE="text/xml" SIZE="1570">
<foxml:xmlContent>
<mods xmlns="http://www.loc.gov/mods/v3" xmlns:xlink="http://www.w3.org/1999/xlink" xmlns:xsi="http://www.w3.org/2001/XMLSchema-instance" version="3.3" xsi:schemaLocation="http://www.loc.gov/mods/v3 http://www.loc.gov/standards/mods/v3/mods-3-3.xsd">
  <titleInfo lang="">
    <title>The Smallest Victims of the “White Plague”</title>
  </titleInfo>
  <name type="personal">
    <namePart type="given">Mary</namePart>
    <namePart type="family">Gibson</namePart>
    <affiliation>University of Virginia</affiliation>
    <computing_id>meg2e</computing_id>
    <description>School of Nursing</description>
    <role>
      <roleTerm authority="marcrelator" type="text">Author</roleTerm>
    </role>
  </name>
  <typeOfResource></typeOfResource>
  <genre authority="marcgt"></genre>
  <language>
    <languageTerm authority="iso639-2b" type="code"></languageTerm>
  </language>
  <abstract></abstract>
  <subject>
    <topic></topic>
  </subject>
  <relatedItem type="host">
    <titleInfo>
      <title>Pediatric Nursing</title>
    </titleInfo>
    <identifier type="issn">0097-9805</identifier>
    <originInfo>
      <publisher>Jannetti Publications</publisher>
      <dateIssued></dateIssued>
      <issuance></issuance>
    </originInfo>
    <part>
      <detail type="number">1</detail>
      <extent unit="pages">
        <start>71</start>
        <end>81</end>
      </extent>
      <date>2006-01</date>
      <detail type="volume">
        <number>32</number>
      </detail>
    </part>
  </relatedItem>
  <location>
    <url></url>
  </location>
</mods>
</foxml:xmlContent>
</foxml:datastreamVersion>
<foxml:datastreamVersion ID="descMetadata.26" LABEL="" CREATED="2011-01-25T19:45:30.135Z" MIMETYPE="text/xml" SIZE="1570">
<foxml:xmlContent>
<mods xmlns="http://www.loc.gov/mods/v3" xmlns:xlink="http://www.w3.org/1999/xlink" xmlns:xsi="http://www.w3.org/2001/XMLSchema-instance" version="3.3" xsi:schemaLocation="http://www.loc.gov/mods/v3 http://www.loc.gov/standards/mods/v3/mods-3-3.xsd">
  <titleInfo lang="">
    <title>The Smallest Victims of the “White Plague”</title>
  </titleInfo>
  <name type="personal">
    <namePart type="given">Mary</namePart>
    <namePart type="family">Gibson</namePart>
    <affiliation>University of Virginia</affiliation>
    <computing_id>meg2e</computing_id>
    <description>School of Nursing</description>
    <role>
      <roleTerm authority="marcrelator" type="text">Author</roleTerm>
    </role>
  </name>
  <typeOfResource></typeOfResource>
  <genre authority="marcgt"></genre>
  <language>
    <languageTerm authority="iso639-2b" type="code"></languageTerm>
  </language>
  <abstract></abstract>
  <subject>
    <topic></topic>
  </subject>
  <relatedItem type="host">
    <titleInfo>
      <title>Pediatric Nursing</title>
    </titleInfo>
    <identifier type="issn">0097-9805</identifier>
    <originInfo>
      <publisher>Jannetti Publications</publisher>
      <dateIssued></dateIssued>
      <issuance></issuance>
    </originInfo>
    <part>
      <detail type="number">1</detail>
      <extent unit="pages">
        <start>71</start>
        <end>81</end>
      </extent>
      <date>2006-01</date>
      <detail type="volume">
        <number>32</number>
      </detail>
    </part>
  </relatedItem>
  <location>
    <url></url>
  </location>
</mods>
</foxml:xmlContent>
</foxml:datastreamVersion>
<foxml:datastreamVersion ID="descMetadata.27" LABEL="" CREATED="2011-01-25T19:45:38.420Z" MIMETYPE="text/xml" SIZE="1570">
<foxml:xmlContent>
<mods xmlns="http://www.loc.gov/mods/v3" xmlns:xlink="http://www.w3.org/1999/xlink" xmlns:xsi="http://www.w3.org/2001/XMLSchema-instance" version="3.3" xsi:schemaLocation="http://www.loc.gov/mods/v3 http://www.loc.gov/standards/mods/v3/mods-3-3.xsd">
  <titleInfo lang="">
    <title>The Smallest Victims of the “White Plague”</title>
  </titleInfo>
  <name type="personal">
    <namePart type="given">Mary</namePart>
    <namePart type="family">Gibson</namePart>
    <affiliation>University of Virginia</affiliation>
    <computing_id>meg2e</computing_id>
    <description>School of Nursing</description>
    <role>
      <roleTerm authority="marcrelator" type="text">Author</roleTerm>
    </role>
  </name>
  <typeOfResource></typeOfResource>
  <genre authority="marcgt"></genre>
  <language>
    <languageTerm authority="iso639-2b" type="code"></languageTerm>
  </language>
  <abstract></abstract>
  <subject>
    <topic></topic>
  </subject>
  <relatedItem type="host">
    <titleInfo>
      <title>Pediatric Nursing</title>
    </titleInfo>
    <identifier type="issn">0097-9805</identifier>
    <originInfo>
      <publisher>Jannetti Publications</publisher>
      <dateIssued></dateIssued>
      <issuance></issuance>
    </originInfo>
    <part>
      <detail type="number">1</detail>
      <extent unit="pages">
        <start>71</start>
        <end>81</end>
      </extent>
      <date>2006-01</date>
      <detail type="volume">
        <number>32</number>
      </detail>
    </part>
  </relatedItem>
  <location>
    <url></url>
  </location>
</mods>
</foxml:xmlContent>
</foxml:datastreamVersion>
<foxml:datastreamVersion ID="descMetadata.28" LABEL="" CREATED="2011-01-25T19:47:27.835Z" MIMETYPE="text/xml" SIZE="2116">
<foxml:xmlContent>
<mods xmlns="http://www.loc.gov/mods/v3" xmlns:xlink="http://www.w3.org/1999/xlink" xmlns:xsi="http://www.w3.org/2001/XMLSchema-instance" version="3.3" xsi:schemaLocation="http://www.loc.gov/mods/v3 http://www.loc.gov/standards/mods/v3/mods-3-3.xsd">
  <titleInfo lang="">
    <title>The Smallest Victims of the “White Plague”</title>
  </titleInfo>
  <name type="personal">
    <namePart type="given">Mary</namePart>
    <namePart type="family">Gibson</namePart>
    <affiliation>University of Virginia</affiliation>
    <computing_id>meg2e</computing_id>
    <description>School of Nursing</description>
    <role>
      <roleTerm authority="marcrelator" type="text">Author</roleTerm>
    </role>
  </name>
  <typeOfResource></typeOfResource>
  <genre authority="marcgt"></genre>
  <language>
    <languageTerm authority="iso639-2b" type="code"></languageTerm>
  </language>
  <abstract>Around 1900, the scourge of tuberculosis was best known for stripping the United States population of those in the prime of life, yet no group elicited greater emotion than the children affected by the disease. While young adults represented the most common victims of pulmonary tuberculosis, the younger victims of the “White Plague” (so called because of victims’ pallor) suffered disproportionately from its extra pulmonary variations, including gland, joint, and spinal manifestations that could cause devastating and permanent effects.</abstract>
  <subject>
    <topic></topic>
  </subject>
  <relatedItem type="host">
    <titleInfo>
      <title>Pediatric Nursing</title>
    </titleInfo>
    <identifier type="issn">0097-9805</identifier>
    <originInfo>
      <publisher>Jannetti Publications</publisher>
      <dateIssued></dateIssued>
      <issuance></issuance>
    </originInfo>
    <part>
      <detail type="number">1</detail>
      <extent unit="pages">
        <start>71</start>
        <end>81</end>
      </extent>
      <date>2006-01</date>
      <detail type="volume">
        <number>32</number>
      </detail>
    </part>
  </relatedItem>
  <location>
    <url></url>
  </location>
</mods>
</foxml:xmlContent>
</foxml:datastreamVersion>
<foxml:datastreamVersion ID="descMetadata.29" LABEL="" CREATED="2011-01-25T19:47:36.540Z" MIMETYPE="text/xml" SIZE="2128">
<foxml:xmlContent>
<mods xmlns="http://www.loc.gov/mods/v3" xmlns:xlink="http://www.w3.org/1999/xlink" xmlns:xsi="http://www.w3.org/2001/XMLSchema-instance" version="3.3" xsi:schemaLocation="http://www.loc.gov/mods/v3 http://www.loc.gov/standards/mods/v3/mods-3-3.xsd">
  <titleInfo lang="">
    <title>The Smallest Victims of the “White Plague”</title>
  </titleInfo>
  <name type="personal">
    <namePart type="given">Mary</namePart>
    <namePart type="family">Gibson</namePart>
    <affiliation>University of Virginia</affiliation>
    <computing_id>meg2e</computing_id>
    <description>School of Nursing</description>
    <role>
      <roleTerm authority="marcrelator" type="text">Author</roleTerm>
    </role>
  </name>
  <typeOfResource></typeOfResource>
  <genre authority="marcgt"></genre>
  <language>
    <languageTerm authority="iso639-2b" type="code"></languageTerm>
  </language>
  <abstract>Around 1900, the scourge of tuberculosis was best known for stripping the United States population of those in the prime of life, yet no group elicited greater emotion than the children affected by the disease. While young adults represented the most common victims of pulmonary tuberculosis, the younger victims of the “White Plague” (so called because of victims’ pallor) suffered disproportionately from its extra pulmonary variations, including gland, joint, and spinal manifestations that could cause devastating and permanent effects.</abstract>
  <subject>
    <topic>white plague</topic>
  </subject>
  <relatedItem type="host">
    <titleInfo>
      <title>Pediatric Nursing</title>
    </titleInfo>
    <identifier type="issn">0097-9805</identifier>
    <originInfo>
      <publisher>Jannetti Publications</publisher>
      <dateIssued></dateIssued>
      <issuance></issuance>
    </originInfo>
    <part>
      <detail type="number">1</detail>
      <extent unit="pages">
        <start>71</start>
        <end>81</end>
      </extent>
      <date>2006-01</date>
      <detail type="volume">
        <number>32</number>
      </detail>
    </part>
  </relatedItem>
  <location>
    <url></url>
  </location>
</mods>
</foxml:xmlContent>
</foxml:datastreamVersion>
<foxml:datastreamVersion ID="descMetadata.30" LABEL="" CREATED="2011-01-25T19:47:45.127Z" MIMETYPE="text/xml" SIZE="2165">
<foxml:xmlContent>
<mods xmlns="http://www.loc.gov/mods/v3" xmlns:xlink="http://www.w3.org/1999/xlink" xmlns:xsi="http://www.w3.org/2001/XMLSchema-instance" version="3.3" xsi:schemaLocation="http://www.loc.gov/mods/v3 http://www.loc.gov/standards/mods/v3/mods-3-3.xsd">
  <titleInfo lang="">
    <title>The Smallest Victims of the “White Plague”</title>
  </titleInfo>
  <name type="personal">
    <namePart type="given">Mary</namePart>
    <namePart type="family">Gibson</namePart>
    <affiliation>University of Virginia</affiliation>
    <computing_id>meg2e</computing_id>
    <description>School of Nursing</description>
    <role>
      <roleTerm authority="marcrelator" type="text">Author</roleTerm>
    </role>
  </name>
  <typeOfResource></typeOfResource>
  <genre authority="marcgt"></genre>
  <language>
    <languageTerm authority="iso639-2b" type="code"></languageTerm>
  </language>
  <abstract>Around 1900, the scourge of tuberculosis was best known for stripping the United States population of those in the prime of life, yet no group elicited greater emotion than the children affected by the disease. While young adults represented the most common victims of pulmonary tuberculosis, the younger victims of the “White Plague” (so called because of victims’ pallor) suffered disproportionately from its extra pulmonary variations, including gland, joint, and spinal manifestations that could cause devastating and permanent effects.</abstract>
  <subject>
    <topic>white plague</topic>
    <topic>pediatric nursing</topic>
  </subject>
  <relatedItem type="host">
    <titleInfo>
      <title>Pediatric Nursing</title>
    </titleInfo>
    <identifier type="issn">0097-9805</identifier>
    <originInfo>
      <publisher>Jannetti Publications</publisher>
      <dateIssued></dateIssued>
      <issuance></issuance>
    </originInfo>
    <part>
      <detail type="number">1</detail>
      <extent unit="pages">
        <start>71</start>
        <end>81</end>
      </extent>
      <date>2006-01</date>
      <detail type="volume">
        <number>32</number>
      </detail>
    </part>
  </relatedItem>
  <location>
    <url></url>
  </location>
</mods>
</foxml:xmlContent>
</foxml:datastreamVersion>
</foxml:datastream>
<foxml:datastream ID="RELS-EXT" STATE="A" CONTROL_GROUP="X" VERSIONABLE="true">
<foxml:datastreamVersion ID="RELS-EXT.0" LABEL="" CREATED="2011-01-25T19:41:38.507Z" MIMETYPE="text/xml" SIZE="280">
<foxml:xmlContent>
<rdf:RDF xmlns:rdf="http://www.w3.org/1999/02/22-rdf-syntax-ns#">
  <rdf:Description rdf:about="info:fedora/libra-oa:1">
    <hasModel xmlns="info:fedora/fedora-system:def/model#" rdf:resource="info:fedora/afmodel:HydrangeaArticle"></hasModel>
  </rdf:Description>
</rdf:RDF>
</foxml:xmlContent>
</foxml:datastreamVersion>
</foxml:datastream>
<foxml:datastream ID="rightsMetadata" STATE="A" CONTROL_GROUP="X" VERSIONABLE="true">
<foxml:datastreamVersion ID="rightsMetadata.0" LABEL="" CREATED="2011-01-25T19:41:38.606Z" MIMETYPE="text/xml" SIZE="578">
<foxml:xmlContent>
<rightsMetadata xmlns="http://hydra-collab.stanford.edu/schemas/rightsMetadata/v1" version="0.1">
  <copyright>
    <human></human>
    <machine>
      <uvalicense>no</uvalicense>
    </machine>
  </copyright>
  <access type="discover">
    <human></human>
    <machine></machine>
  </access>
  <access type="read">
    <human></human>
    <machine>
      <group>public</group>
    </machine>
  </access>
  <access type="edit">
    <human></human>
    <machine>
      <person>archivist1</person>
    </machine>
  </access>
  <embargo>
    <human></human>
    <machine></machine>
  </embargo>
</rightsMetadata>
</foxml:xmlContent>
</foxml:datastreamVersion>
</foxml:datastream>
<foxml:datastream ID="properties" STATE="A" CONTROL_GROUP="X" VERSIONABLE="true">
<foxml:datastreamVersion ID="properties.0" LABEL="" CREATED="2011-01-25T19:41:38.748Z" MIMETYPE="text/xml" SIZE="101">
<foxml:xmlContent>
<fields>
  <depositor>archivist1</depositor>
  <collection>hydrangea_article</collection>
</fields>
</foxml:xmlContent>
</foxml:datastreamVersion>
<foxml:datastreamVersion ID="properties.1" LABEL="" CREATED="2011-01-25T19:47:47.529Z" MIMETYPE="text/xml" SIZE="163">
<foxml:xmlContent>
<fields>
  <released>true</released>
  <depositor>archivist1</depositor>
  <collection>hydrangea_article</collection>
  <release_to>public</release_to>
</fields>
</foxml:xmlContent>
</foxml:datastreamVersion>
</foxml:datastream>
</foxml:digitalObject>
