<?xml version="1.0" encoding="UTF-8"?>
<foxml:digitalObject VERSION="1.1" PID="libra-oa:5"
xmlns:foxml="info:fedora/fedora-system:def/foxml#"
xmlns:xsi="http://www.w3.org/2001/XMLSchema-instance"
xsi:schemaLocation="info:fedora/fedora-system:def/foxml# http://www.fedora.info/definitions/1/0/foxml1-1.xsd">
<foxml:objectProperties>
<foxml:property NAME="info:fedora/fedora-system:def/model#state" VALUE="Active"/>
<foxml:property NAME="info:fedora/fedora-system:def/model#label" VALUE=""/>
<foxml:property NAME="info:fedora/fedora-system:def/model#ownerId" VALUE="fedoraAdmin"/>
<foxml:property NAME="info:fedora/fedora-system:def/model#createdDate" VALUE="2011-01-25T19:58:24.982Z"/>
<foxml:property NAME="info:fedora/fedora-system:def/view#lastModifiedDate" VALUE="2011-01-25T20:08:50.516Z"/>
</foxml:objectProperties>
<foxml:datastream ID="AUDIT" STATE="A" CONTROL_GROUP="X" VERSIONABLE="false">
<foxml:datastreamVersion ID="AUDIT.0" LABEL="Audit Trail for this object" CREATED="2011-01-25T19:58:24.982Z" MIMETYPE="text/xml" FORMAT_URI="info:fedora/fedora-system:format/xml.fedora.audit">
<foxml:xmlContent>
<audit:auditTrail xmlns:audit="info:fedora/fedora-system:def/audit#">
<audit:record ID="AUDREC1">
<audit:process type="Fedora API-M"/>
<audit:action>addDatastream</audit:action>
<audit:componentID>descMetadata</audit:componentID>
<audit:responsibility>fedoraAdmin</audit:responsibility>
<audit:date>2011-01-25T19:58:25.213Z</audit:date>
<audit:justification></audit:justification>
</audit:record>
<audit:record ID="AUDREC2">
<audit:process type="Fedora API-M"/>
<audit:action>addDatastream</audit:action>
<audit:componentID>RELS-EXT</audit:componentID>
<audit:responsibility>fedoraAdmin</audit:responsibility>
<audit:date>2011-01-25T19:58:25.353Z</audit:date>
<audit:justification></audit:justification>
</audit:record>
<audit:record ID="AUDREC3">
<audit:process type="Fedora API-M"/>
<audit:action>addDatastream</audit:action>
<audit:componentID>rightsMetadata</audit:componentID>
<audit:responsibility>fedoraAdmin</audit:responsibility>
<audit:date>2011-01-25T19:58:25.421Z</audit:date>
<audit:justification></audit:justification>
</audit:record>
<audit:record ID="AUDREC4">
<audit:process type="Fedora API-M"/>
<audit:action>addDatastream</audit:action>
<audit:componentID>properties</audit:componentID>
<audit:responsibility>fedoraAdmin</audit:responsibility>
<audit:date>2011-01-25T19:58:25.510Z</audit:date>
<audit:justification></audit:justification>
</audit:record>
<audit:record ID="AUDREC5">
<audit:process type="Fedora API-M"/>
<audit:action>modifyObject</audit:action>
<audit:componentID></audit:componentID>
<audit:responsibility>fedoraAdmin</audit:responsibility>
<audit:date>2011-01-25T19:59:52.981Z</audit:date>
<audit:justification></audit:justification>
</audit:record>
<audit:record ID="AUDREC6">
<audit:process type="Fedora API-M"/>
<audit:action>modifyDatastreamByValue</audit:action>
<audit:componentID>descMetadata</audit:componentID>
<audit:responsibility>fedoraAdmin</audit:responsibility>
<audit:date>2011-01-25T19:59:53.035Z</audit:date>
<audit:justification></audit:justification>
</audit:record>
<audit:record ID="AUDREC7">
<audit:process type="Fedora API-M"/>
<audit:action>modifyObject</audit:action>
<audit:componentID></audit:componentID>
<audit:responsibility>fedoraAdmin</audit:responsibility>
<audit:date>2011-01-25T20:00:39.693Z</audit:date>
<audit:justification></audit:justification>
</audit:record>
<audit:record ID="AUDREC8">
<audit:process type="Fedora API-M"/>
<audit:action>modifyDatastreamByValue</audit:action>
<audit:componentID>descMetadata</audit:componentID>
<audit:responsibility>fedoraAdmin</audit:responsibility>
<audit:date>2011-01-25T20:00:39.743Z</audit:date>
<audit:justification></audit:justification>
</audit:record>
<audit:record ID="AUDREC9">
<audit:process type="Fedora API-M"/>
<audit:action>modifyObject</audit:action>
<audit:componentID></audit:componentID>
<audit:responsibility>fedoraAdmin</audit:responsibility>
<audit:date>2011-01-25T20:02:35.137Z</audit:date>
<audit:justification></audit:justification>
</audit:record>
<audit:record ID="AUDREC10">
<audit:process type="Fedora API-M"/>
<audit:action>modifyDatastreamByValue</audit:action>
<audit:componentID>descMetadata</audit:componentID>
<audit:responsibility>fedoraAdmin</audit:responsibility>
<audit:date>2011-01-25T20:02:35.175Z</audit:date>
<audit:justification></audit:justification>
</audit:record>
<audit:record ID="AUDREC11">
<audit:process type="Fedora API-M"/>
<audit:action>modifyObject</audit:action>
<audit:componentID></audit:componentID>
<audit:responsibility>fedoraAdmin</audit:responsibility>
<audit:date>2011-01-25T20:03:01.970Z</audit:date>
<audit:justification></audit:justification>
</audit:record>
<audit:record ID="AUDREC12">
<audit:process type="Fedora API-M"/>
<audit:action>modifyDatastreamByValue</audit:action>
<audit:componentID>descMetadata</audit:componentID>
<audit:responsibility>fedoraAdmin</audit:responsibility>
<audit:date>2011-01-25T20:03:02.011Z</audit:date>
<audit:justification></audit:justification>
</audit:record>
<audit:record ID="AUDREC13">
<audit:process type="Fedora API-M"/>
<audit:action>modifyObject</audit:action>
<audit:componentID></audit:componentID>
<audit:responsibility>fedoraAdmin</audit:responsibility>
<audit:date>2011-01-25T20:03:18.606Z</audit:date>
<audit:justification></audit:justification>
</audit:record>
<audit:record ID="AUDREC14">
<audit:process type="Fedora API-M"/>
<audit:action>modifyDatastreamByValue</audit:action>
<audit:componentID>rightsMetadata</audit:componentID>
<audit:responsibility>fedoraAdmin</audit:responsibility>
<audit:date>2011-01-25T20:03:18.667Z</audit:date>
<audit:justification></audit:justification>
</audit:record>
<audit:record ID="AUDREC15">
<audit:process type="Fedora API-M"/>
<audit:action>modifyObject</audit:action>
<audit:componentID></audit:componentID>
<audit:responsibility>fedoraAdmin</audit:responsibility>
<audit:date>2011-01-25T20:03:22.773Z</audit:date>
<audit:justification></audit:justification>
</audit:record>
<audit:record ID="AUDREC16">
<audit:process type="Fedora API-M"/>
<audit:action>modifyDatastreamByValue</audit:action>
<audit:componentID>descMetadata</audit:componentID>
<audit:responsibility>fedoraAdmin</audit:responsibility>
<audit:date>2011-01-25T20:03:22.866Z</audit:date>
<audit:justification></audit:justification>
</audit:record>
<audit:record ID="AUDREC17">
<audit:process type="Fedora API-M"/>
<audit:action>modifyObject</audit:action>
<audit:componentID></audit:componentID>
<audit:responsibility>fedoraAdmin</audit:responsibility>
<audit:date>2011-01-25T20:03:31.128Z</audit:date>
<audit:justification></audit:justification>
</audit:record>
<audit:record ID="AUDREC18">
<audit:process type="Fedora API-M"/>
<audit:action>modifyDatastreamByValue</audit:action>
<audit:componentID>descMetadata</audit:componentID>
<audit:responsibility>fedoraAdmin</audit:responsibility>
<audit:date>2011-01-25T20:03:31.216Z</audit:date>
<audit:justification></audit:justification>
</audit:record>
<audit:record ID="AUDREC19">
<audit:process type="Fedora API-M"/>
<audit:action>modifyObject</audit:action>
<audit:componentID></audit:componentID>
<audit:responsibility>fedoraAdmin</audit:responsibility>
<audit:date>2011-01-25T20:03:35.173Z</audit:date>
<audit:justification></audit:justification>
</audit:record>
<audit:record ID="AUDREC20">
<audit:process type="Fedora API-M"/>
<audit:action>modifyDatastreamByValue</audit:action>
<audit:componentID>descMetadata</audit:componentID>
<audit:responsibility>fedoraAdmin</audit:responsibility>
<audit:date>2011-01-25T20:03:35.269Z</audit:date>
<audit:justification></audit:justification>
</audit:record>
<audit:record ID="AUDREC21">
<audit:process type="Fedora API-M"/>
<audit:action>modifyObject</audit:action>
<audit:componentID></audit:componentID>
<audit:responsibility>fedoraAdmin</audit:responsibility>
<audit:date>2011-01-25T20:06:43.375Z</audit:date>
<audit:justification></audit:justification>
</audit:record>
<audit:record ID="AUDREC22">
<audit:process type="Fedora API-M"/>
<audit:action>modifyObject</audit:action>
<audit:componentID></audit:componentID>
<audit:responsibility>fedoraAdmin</audit:responsibility>
<audit:date>2011-01-25T20:07:36.229Z</audit:date>
<audit:justification></audit:justification>
</audit:record>
<audit:record ID="AUDREC23">
<audit:process type="Fedora API-M"/>
<audit:action>modifyDatastreamByValue</audit:action>
<audit:componentID>descMetadata</audit:componentID>
<audit:responsibility>fedoraAdmin</audit:responsibility>
<audit:date>2011-01-25T20:07:36.302Z</audit:date>
<audit:justification></audit:justification>
</audit:record>
<audit:record ID="AUDREC24">
<audit:process type="Fedora API-M"/>
<audit:action>modifyObject</audit:action>
<audit:componentID></audit:componentID>
<audit:responsibility>fedoraAdmin</audit:responsibility>
<audit:date>2011-01-25T20:07:58.407Z</audit:date>
<audit:justification></audit:justification>
</audit:record>
<audit:record ID="AUDREC25">
<audit:process type="Fedora API-M"/>
<audit:action>modifyDatastreamByValue</audit:action>
<audit:componentID>descMetadata</audit:componentID>
<audit:responsibility>fedoraAdmin</audit:responsibility>
<audit:date>2011-01-25T20:07:58.480Z</audit:date>
<audit:justification></audit:justification>
</audit:record>
<audit:record ID="AUDREC26">
<audit:process type="Fedora API-M"/>
<audit:action>modifyObject</audit:action>
<audit:componentID></audit:componentID>
<audit:responsibility>fedoraAdmin</audit:responsibility>
<audit:date>2011-01-25T20:08:14.901Z</audit:date>
<audit:justification></audit:justification>
</audit:record>
<audit:record ID="AUDREC27">
<audit:process type="Fedora API-M"/>
<audit:action>modifyDatastreamByValue</audit:action>
<audit:componentID>descMetadata</audit:componentID>
<audit:responsibility>fedoraAdmin</audit:responsibility>
<audit:date>2011-01-25T20:08:14.951Z</audit:date>
<audit:justification></audit:justification>
</audit:record>
<audit:record ID="AUDREC28">
<audit:process type="Fedora API-M"/>
<audit:action>modifyObject</audit:action>
<audit:componentID></audit:componentID>
<audit:responsibility>fedoraAdmin</audit:responsibility>
<audit:date>2011-01-25T20:08:30.656Z</audit:date>
<audit:justification></audit:justification>
</audit:record>
<audit:record ID="AUDREC29">
<audit:process type="Fedora API-M"/>
<audit:action>modifyDatastreamByValue</audit:action>
<audit:componentID>descMetadata</audit:componentID>
<audit:responsibility>fedoraAdmin</audit:responsibility>
<audit:date>2011-01-25T20:08:30.713Z</audit:date>
<audit:justification></audit:justification>
</audit:record>
<audit:record ID="AUDREC30">
<audit:process type="Fedora API-M"/>
<audit:action>modifyObject</audit:action>
<audit:componentID></audit:componentID>
<audit:responsibility>fedoraAdmin</audit:responsibility>
<audit:date>2011-01-25T20:08:50.459Z</audit:date>
<audit:justification></audit:justification>
</audit:record>
<audit:record ID="AUDREC31">
<audit:process type="Fedora API-M"/>
<audit:action>modifyDatastreamByValue</audit:action>
<audit:componentID>properties</audit:componentID>
<audit:responsibility>fedoraAdmin</audit:responsibility>
<audit:date>2011-01-25T20:08:50.516Z</audit:date>
<audit:justification></audit:justification>
</audit:record>
</audit:auditTrail>
</foxml:xmlContent>
</foxml:datastreamVersion>
</foxml:datastream>
<foxml:datastream ID="DC" STATE="A" CONTROL_GROUP="X" VERSIONABLE="true">
<foxml:datastreamVersion ID="DC1.0" LABEL="Dublin Core Record for this object" CREATED="2011-01-25T19:58:24.982Z" MIMETYPE="text/xml" FORMAT_URI="http://www.openarchives.org/OAI/2.0/oai_dc/" SIZE="342">
<foxml:xmlContent>
<oai_dc:dc xmlns:oai_dc="http://www.openarchives.org/OAI/2.0/oai_dc/" xmlns:dc="http://purl.org/dc/elements/1.1/" xmlns:xsi="http://www.w3.org/2001/XMLSchema-instance" xsi:schemaLocation="http://www.openarchives.org/OAI/2.0/oai_dc/ http://www.openarchives.org/OAI/2.0/oai_dc.xsd">
  <dc:identifier>libra-oa:5</dc:identifier>
</oai_dc:dc>
</foxml:xmlContent>
</foxml:datastreamVersion>
</foxml:datastream>
<foxml:datastream ID="descMetadata" STATE="A" CONTROL_GROUP="X" VERSIONABLE="true">
<foxml:datastreamVersion ID="descMetadata.0" LABEL="" CREATED="2011-01-25T19:58:25.213Z" MIMETYPE="text/xml" SIZE="1464">
<foxml:xmlContent>
<mods xmlns="http://www.loc.gov/mods/v3" xmlns:xlink="http://www.w3.org/1999/xlink" xmlns:xsi="http://www.w3.org/2001/XMLSchema-instance" version="3.3" xsi:schemaLocation="http://www.loc.gov/mods/v3 http://www.loc.gov/standards/mods/v3/mods-3-3.xsd">
  <titleInfo lang="">
    <title></title>
  </titleInfo>
  <name type="personal">
    <namePart type="given"></namePart>
    <namePart type="family"></namePart>
    <affiliation>University of Virginia</affiliation>
    <computing_id></computing_id>
    <description></description>
    <role>
      <roleTerm authority="marcrelator" type="text">Author</roleTerm>
    </role>
  </name>
  <typeOfResource></typeOfResource>
  <genre authority="marcgt"></genre>
  <language>
    <languageTerm authority="iso639-2b" type="code"></languageTerm>
  </language>
  <abstract></abstract>
  <subject>
    <topic></topic>
  </subject>
  <relatedItem type="host">
    <titleInfo>
      <title></title>
    </titleInfo>
    <identifier type="issn"></identifier>
    <originInfo>
      <publisher></publisher>
      <dateIssued></dateIssued>
      <issuance></issuance>
    </originInfo>
    <part>
      <detail type="volume">
        <number></number>
      </detail>
      <detail type="number">
        <number></number>
      </detail>
      <extent unit="pages">
        <start></start>
        <end></end>
      </extent>
      <date></date>
    </part>
  </relatedItem>
  <location>
    <url></url>
  </location>
</mods>
</foxml:xmlContent>
</foxml:datastreamVersion>
<foxml:datastreamVersion ID="descMetadata.1" LABEL="" CREATED="2011-01-25T19:59:53.035Z" MIMETYPE="text/xml" SIZE="1464">
<foxml:xmlContent>
<mods xmlns="http://www.loc.gov/mods/v3" xmlns:xlink="http://www.w3.org/1999/xlink" xmlns:xsi="http://www.w3.org/2001/XMLSchema-instance" version="3.3" xsi:schemaLocation="http://www.loc.gov/mods/v3 http://www.loc.gov/standards/mods/v3/mods-3-3.xsd">
  <titleInfo lang="">
    <title></title>
  </titleInfo>
  <name type="personal">
    <namePart type="given"></namePart>
    <namePart type="family"></namePart>
    <affiliation>University of Virginia</affiliation>
    <computing_id></computing_id>
    <description></description>
    <role>
      <roleTerm authority="marcrelator" type="text">Author</roleTerm>
    </role>
  </name>
  <typeOfResource></typeOfResource>
  <genre authority="marcgt"></genre>
  <language>
    <languageTerm authority="iso639-2b" type="code"></languageTerm>
  </language>
  <abstract></abstract>
  <subject>
    <topic></topic>
  </subject>
  <relatedItem type="host">
    <titleInfo>
      <title></title>
    </titleInfo>
    <identifier type="issn"></identifier>
    <originInfo>
      <publisher></publisher>
      <dateIssued></dateIssued>
      <issuance></issuance>
    </originInfo>
    <part>
      <detail type="volume">
        <number></number>
      </detail>
      <detail type="number">
        <number></number>
      </detail>
      <extent unit="pages">
        <start></start>
        <end></end>
      </extent>
      <date></date>
    </part>
  </relatedItem>
  <location>
    <url></url>
  </location>
</mods>
</foxml:xmlContent>
</foxml:datastreamVersion>
<foxml:datastreamVersion ID="descMetadata.2" LABEL="" CREATED="2011-01-25T20:00:39.743Z" MIMETYPE="text/xml" SIZE="1506">
<foxml:xmlContent>
<mods xmlns="http://www.loc.gov/mods/v3" xmlns:xlink="http://www.w3.org/1999/xlink" xmlns:xsi="http://www.w3.org/2001/XMLSchema-instance" version="3.3" xsi:schemaLocation="http://www.loc.gov/mods/v3 http://www.loc.gov/standards/mods/v3/mods-3-3.xsd">
  <titleInfo lang="">
    <title></title>
  </titleInfo>
  <name type="personal">
    <namePart type="given">Kenneth</namePart>
    <namePart type="family">Elzinga</namePart>
    <affiliation>University of Virginia</affiliation>
    <computing_id>kge8z</computing_id>
    <description>Department of Economics</description>
    <role>
      <roleTerm authority="marcrelator" type="text">Author</roleTerm>
    </role>
  </name>
  <typeOfResource></typeOfResource>
  <genre authority="marcgt"></genre>
  <language>
    <languageTerm authority="iso639-2b" type="code"></languageTerm>
  </language>
  <abstract></abstract>
  <subject>
    <topic></topic>
  </subject>
  <relatedItem type="host">
    <titleInfo>
      <title></title>
    </titleInfo>
    <identifier type="issn"></identifier>
    <originInfo>
      <publisher></publisher>
      <dateIssued></dateIssued>
      <issuance></issuance>
    </originInfo>
    <part>
      <detail type="volume">
        <number></number>
      </detail>
      <detail type="number">
        <number></number>
      </detail>
      <extent unit="pages">
        <start></start>
        <end></end>
      </extent>
      <date></date>
    </part>
  </relatedItem>
  <location>
    <url></url>
  </location>
</mods>
</foxml:xmlContent>
</foxml:datastreamVersion>
<foxml:datastreamVersion ID="descMetadata.3" LABEL="" CREATED="2011-01-25T20:02:35.175Z" MIMETYPE="text/xml" SIZE="1506">
<foxml:xmlContent>
<mods xmlns="http://www.loc.gov/mods/v3" xmlns:xlink="http://www.w3.org/1999/xlink" xmlns:xsi="http://www.w3.org/2001/XMLSchema-instance" version="3.3" xsi:schemaLocation="http://www.loc.gov/mods/v3 http://www.loc.gov/standards/mods/v3/mods-3-3.xsd">
  <titleInfo lang="">
    <title></title>
  </titleInfo>
  <name type="personal">
    <namePart type="given">Kenneth</namePart>
    <namePart type="family">Elzinga</namePart>
    <affiliation>University of Virginia</affiliation>
    <computing_id>kge8z</computing_id>
    <description>Department of Economics</description>
    <role>
      <roleTerm authority="marcrelator" type="text">Author</roleTerm>
    </role>
  </name>
  <typeOfResource></typeOfResource>
  <genre authority="marcgt"></genre>
  <language>
    <languageTerm authority="iso639-2b" type="code"></languageTerm>
  </language>
  <abstract></abstract>
  <subject>
    <topic></topic>
  </subject>
  <relatedItem type="host">
    <titleInfo>
      <title></title>
    </titleInfo>
    <identifier type="issn"></identifier>
    <originInfo>
      <publisher></publisher>
      <dateIssued></dateIssued>
      <issuance></issuance>
    </originInfo>
    <part>
      <detail type="volume">
        <number></number>
      </detail>
      <detail type="number">
        <number></number>
      </detail>
      <extent unit="pages">
        <start></start>
        <end></end>
      </extent>
      <date></date>
    </part>
  </relatedItem>
  <location>
    <url></url>
  </location>
</mods>
</foxml:xmlContent>
</foxml:datastreamVersion>
<foxml:datastreamVersion ID="descMetadata.4" LABEL="" CREATED="2011-01-25T20:03:02.011Z" MIMETYPE="text/xml" SIZE="1586">
<foxml:xmlContent>
<mods xmlns="http://www.loc.gov/mods/v3" xmlns:xlink="http://www.w3.org/1999/xlink" xmlns:xsi="http://www.w3.org/2001/XMLSchema-instance" version="3.3" xsi:schemaLocation="http://www.loc.gov/mods/v3 http://www.loc.gov/standards/mods/v3/mods-3-3.xsd">
  <titleInfo lang="">
    <title>Predatory Pricing in the Airline Industry: Spirit Airlines v. Northwest Airlines</title>
  </titleInfo>
  <name type="personal">
    <namePart type="given">Kenneth</namePart>
    <namePart type="family">Elzinga</namePart>
    <affiliation>University of Virginia</affiliation>
    <computing_id>kge8z</computing_id>
    <description>Department of Economics</description>
    <role>
      <roleTerm authority="marcrelator" type="text">Author</roleTerm>
    </role>
  </name>
  <typeOfResource></typeOfResource>
  <genre authority="marcgt"></genre>
  <language>
    <languageTerm authority="iso639-2b" type="code"></languageTerm>
  </language>
  <abstract></abstract>
  <subject>
    <topic></topic>
  </subject>
  <relatedItem type="host">
    <titleInfo>
      <title></title>
    </titleInfo>
    <identifier type="issn"></identifier>
    <originInfo>
      <publisher></publisher>
      <dateIssued></dateIssued>
      <issuance></issuance>
    </originInfo>
    <part>
      <detail type="volume">
        <number></number>
      </detail>
      <detail type="number">
        <number></number>
      </detail>
      <extent unit="pages">
        <start></start>
        <end></end>
      </extent>
      <date></date>
    </part>
  </relatedItem>
  <location>
    <url></url>
  </location>
</mods>
</foxml:xmlContent>
</foxml:datastreamVersion>
<foxml:datastreamVersion ID="descMetadata.5" LABEL="" CREATED="2011-01-25T20:03:22.866Z" MIMETYPE="text/xml" SIZE="1867">
<foxml:xmlContent>
<mods xmlns="http://www.loc.gov/mods/v3" xmlns:xlink="http://www.w3.org/1999/xlink" xmlns:xsi="http://www.w3.org/2001/XMLSchema-instance" version="3.3" xsi:schemaLocation="http://www.loc.gov/mods/v3 http://www.loc.gov/standards/mods/v3/mods-3-3.xsd">
  <titleInfo lang="">
    <title>Predatory Pricing in the Airline Industry: Spirit Airlines v. Northwest Airlines</title>
  </titleInfo>
  <name type="personal">
    <namePart type="given">Kenneth</namePart>
    <namePart type="family">Elzinga</namePart>
    <affiliation>University of Virginia</affiliation>
    <computing_id>kge8z</computing_id>
    <description>Department of Economics</description>
    <role>
      <roleTerm authority="marcrelator" type="text">Author</roleTerm>
    </role>
  </name>
  <name type="personal">
    <namePart type="family"></namePart>
    <namePart type="given"></namePart>
    <affiliation></affiliation>
    <computing_id></computing_id>
    <description></description>
    <role>
      <roleTerm type="text">Author</roleTerm>
    </role>
  </name>
  <typeOfResource></typeOfResource>
  <genre authority="marcgt"></genre>
  <language>
    <languageTerm authority="iso639-2b" type="code"></languageTerm>
  </language>
  <abstract></abstract>
  <subject>
    <topic></topic>
  </subject>
  <relatedItem type="host">
    <titleInfo>
      <title></title>
    </titleInfo>
    <identifier type="issn"></identifier>
    <originInfo>
      <publisher></publisher>
      <dateIssued></dateIssued>
      <issuance></issuance>
    </originInfo>
    <part>
      <detail type="volume">
        <number></number>
      </detail>
      <detail type="number">
        <number></number>
      </detail>
      <extent unit="pages">
        <start></start>
        <end></end>
      </extent>
      <date></date>
    </part>
  </relatedItem>
  <location>
    <url></url>
  </location>
</mods>
</foxml:xmlContent>
</foxml:datastreamVersion>
<foxml:datastreamVersion ID="descMetadata.6" LABEL="" CREATED="2011-01-25T20:03:31.216Z" MIMETYPE="text/xml" SIZE="1927">
<foxml:xmlContent>
<mods xmlns="http://www.loc.gov/mods/v3" xmlns:xlink="http://www.w3.org/1999/xlink" xmlns:xsi="http://www.w3.org/2001/XMLSchema-instance" version="3.3" xsi:schemaLocation="http://www.loc.gov/mods/v3 http://www.loc.gov/standards/mods/v3/mods-3-3.xsd">
  <titleInfo lang="">
    <title>Predatory Pricing in the Airline Industry: Spirit Airlines v. Northwest Airlines</title>
  </titleInfo>
  <name type="personal">
    <namePart type="given">Kenneth</namePart>
    <namePart type="family">Elzinga</namePart>
    <affiliation>University of Virginia</affiliation>
    <computing_id>kge8z</computing_id>
    <description>Department of Economics</description>
    <role>
      <roleTerm authority="marcrelator" type="text">Author</roleTerm>
    </role>
  </name>
  <name type="personal">
    <namePart type="family">Mills</namePart>
    <namePart type="given">David</namePart>
    <affiliation>University of Virginia</affiliation>
    <computing_id>dem9j</computing_id>
    <description>Department of Economics</description>
    <role>
      <roleTerm type="text">Author</roleTerm>
    </role>
  </name>
  <typeOfResource></typeOfResource>
  <genre authority="marcgt"></genre>
  <language>
    <languageTerm authority="iso639-2b" type="code"></languageTerm>
  </language>
  <abstract></abstract>
  <subject>
    <topic></topic>
  </subject>
  <relatedItem type="host">
    <titleInfo>
      <title></title>
    </titleInfo>
    <identifier type="issn"></identifier>
    <originInfo>
      <publisher></publisher>
      <dateIssued></dateIssued>
      <issuance></issuance>
    </originInfo>
    <part>
      <detail type="volume">
        <number></number>
      </detail>
      <detail type="number">
        <number></number>
      </detail>
      <extent unit="pages">
        <start></start>
        <end></end>
      </extent>
      <date></date>
    </part>
  </relatedItem>
  <location>
    <url></url>
  </location>
</mods>
</foxml:xmlContent>
</foxml:datastreamVersion>
<foxml:datastreamVersion ID="descMetadata.7" LABEL="" CREATED="2011-01-25T20:03:35.269Z" MIMETYPE="text/xml" SIZE="1927">
<foxml:xmlContent>
<mods xmlns="http://www.loc.gov/mods/v3" xmlns:xlink="http://www.w3.org/1999/xlink" xmlns:xsi="http://www.w3.org/2001/XMLSchema-instance" version="3.3" xsi:schemaLocation="http://www.loc.gov/mods/v3 http://www.loc.gov/standards/mods/v3/mods-3-3.xsd">
  <titleInfo lang="">
    <title>Predatory Pricing in the Airline Industry: Spirit Airlines v. Northwest Airlines</title>
  </titleInfo>
  <name type="personal">
    <namePart type="given">Kenneth</namePart>
    <namePart type="family">Elzinga</namePart>
    <affiliation>University of Virginia</affiliation>
    <computing_id>kge8z</computing_id>
    <description>Department of Economics</description>
    <role>
      <roleTerm authority="marcrelator" type="text">Author</roleTerm>
    </role>
  </name>
  <name type="personal">
    <namePart type="family">Mills</namePart>
    <namePart type="given">David</namePart>
    <affiliation>University of Virginia</affiliation>
    <computing_id>dem9j</computing_id>
    <description>Department of Economics</description>
    <role>
      <roleTerm type="text">Author</roleTerm>
    </role>
  </name>
  <typeOfResource></typeOfResource>
  <genre authority="marcgt"></genre>
  <language>
    <languageTerm authority="iso639-2b" type="code"></languageTerm>
  </language>
  <abstract></abstract>
  <subject>
    <topic></topic>
  </subject>
  <relatedItem type="host">
    <titleInfo>
      <title></title>
    </titleInfo>
    <identifier type="issn"></identifier>
    <originInfo>
      <publisher></publisher>
      <dateIssued></dateIssued>
      <issuance></issuance>
    </originInfo>
    <part>
      <detail type="volume">
        <number></number>
      </detail>
      <detail type="number">
        <number></number>
      </detail>
      <extent unit="pages">
        <start></start>
        <end></end>
      </extent>
      <date></date>
    </part>
  </relatedItem>
  <location>
    <url></url>
  </location>
</mods>
</foxml:xmlContent>
</foxml:datastreamVersion>
<foxml:datastreamVersion ID="descMetadata.8" LABEL="" CREATED="2011-01-25T20:07:36.302Z" MIMETYPE="text/xml" SIZE="2338">
<foxml:xmlContent>
<mods xmlns="http://www.loc.gov/mods/v3" xmlns:xlink="http://www.w3.org/1999/xlink" xmlns:xsi="http://www.w3.org/2001/XMLSchema-instance" version="3.3" xsi:schemaLocation="http://www.loc.gov/mods/v3 http://www.loc.gov/standards/mods/v3/mods-3-3.xsd">
  <titleInfo lang="">
    <title>Predatory Pricing in the Airline Industry: Spirit Airlines v. Northwest Airlines</title>
  </titleInfo>
  <name type="personal">
    <namePart type="given">Kenneth</namePart>
    <namePart type="family">Elzinga</namePart>
    <affiliation>University of Virginia</affiliation>
    <computing_id>kge8z</computing_id>
    <description>Department of Economics</description>
    <role>
      <roleTerm authority="marcrelator" type="text">Author</roleTerm>
    </role>
  </name>
  <name type="personal">
    <namePart type="family">Mills</namePart>
    <namePart type="given">David</namePart>
    <affiliation>University of Virginia</affiliation>
    <computing_id>dem9j</computing_id>
    <description>Department of Economics</description>
    <role>
      <roleTerm type="text">Author</roleTerm>
    </role>
  </name>
  <typeOfResource></typeOfResource>
  <genre authority="marcgt"></genre>
  <language>
    <languageTerm authority="iso639-2b" type="code"></languageTerm>
  </language>
  <abstract>Spirit Airlines is a regional airline carrying passengers to and from a small number of cities in the United States. Northwest Airlines is a major airline carrying millions of passengers each year all around the world. Almost everyone reading this chapter has heard of Northwest Airlines: most readers will never have heard of Spirit Airlines: such is the disparity in size and reputation between the two firms.</abstract>
  <subject>
    <topic></topic>
  </subject>
  <relatedItem type="host">
    <titleInfo>
      <title></title>
    </titleInfo>
    <identifier type="issn"></identifier>
    <originInfo>
      <publisher></publisher>
      <dateIssued></dateIssued>
      <issuance></issuance>
    </originInfo>
    <part>
      <detail type="volume">
        <number></number>
      </detail>
      <detail type="number">
        <number></number>
      </detail>
      <extent unit="pages">
        <start></start>
        <end></end>
      </extent>
      <date></date>
    </part>
  </relatedItem>
  <location>
    <url></url>
  </location>
</mods>
</foxml:xmlContent>
</foxml:datastreamVersion>
<foxml:datastreamVersion ID="descMetadata.9" LABEL="" CREATED="2011-01-25T20:07:58.480Z" MIMETYPE="text/xml" SIZE="2342">
<foxml:xmlContent>
<mods xmlns="http://www.loc.gov/mods/v3" xmlns:xlink="http://www.w3.org/1999/xlink" xmlns:xsi="http://www.w3.org/2001/XMLSchema-instance" version="3.3" xsi:schemaLocation="http://www.loc.gov/mods/v3 http://www.loc.gov/standards/mods/v3/mods-3-3.xsd">
  <titleInfo lang="">
    <title>Predatory Pricing in the Airline Industry: Spirit Airlines v. Northwest Airlines</title>
  </titleInfo>
  <name type="personal">
    <namePart type="given">Kenneth</namePart>
    <namePart type="family">Elzinga</namePart>
    <affiliation>University of Virginia</affiliation>
    <computing_id>kge8z</computing_id>
    <description>Department of Economics</description>
    <role>
      <roleTerm authority="marcrelator" type="text">Author</roleTerm>
    </role>
  </name>
  <name type="personal">
    <namePart type="family">Mills</namePart>
    <namePart type="given">David</namePart>
    <affiliation>University of Virginia</affiliation>
    <computing_id>dem9j</computing_id>
    <description>Department of Economics</description>
    <role>
      <roleTerm type="text">Author</roleTerm>
    </role>
  </name>
  <typeOfResource></typeOfResource>
  <genre authority="marcgt"></genre>
  <language>
    <languageTerm authority="iso639-2b" type="code"></languageTerm>
  </language>
  <abstract>Spirit Airlines is a regional airline carrying passengers to and from a small number of cities in the United States. Northwest Airlines is a major airline carrying millions of passengers each year all around the world. Almost everyone reading this chapter has heard of Northwest Airlines: most readers will never have heard of Spirit Airlines: such is the disparity in size and reputation between the two firms.</abstract>
  <subject>
    <topic></topic>
  </subject>
  <relatedItem type="host">
    <titleInfo>
      <title></title>
    </titleInfo>
    <identifier type="issn"></identifier>
    <originInfo>
      <publisher></publisher>
      <dateIssued></dateIssued>
      <issuance></issuance>
    </originInfo>
    <part>
      <detail type="volume">
        <number></number>
      </detail>
      <detail type="number">
        <number></number>
      </detail>
      <extent unit="pages">
        <start></start>
        <end></end>
      </extent>
      <date>2005</date>
    </part>
  </relatedItem>
  <location>
    <url></url>
  </location>
</mods>
</foxml:xmlContent>
</foxml:datastreamVersion>
<foxml:datastreamVersion ID="descMetadata.10" LABEL="" CREATED="2011-01-25T20:08:14.951Z" MIMETYPE="text/xml" SIZE="2359">
<foxml:xmlContent>
<mods xmlns="http://www.loc.gov/mods/v3" xmlns:xlink="http://www.w3.org/1999/xlink" xmlns:xsi="http://www.w3.org/2001/XMLSchema-instance" version="3.3" xsi:schemaLocation="http://www.loc.gov/mods/v3 http://www.loc.gov/standards/mods/v3/mods-3-3.xsd">
  <titleInfo lang="">
    <title>Predatory Pricing in the Airline Industry: Spirit Airlines v. Northwest Airlines</title>
  </titleInfo>
  <name type="personal">
    <namePart type="given">Kenneth</namePart>
    <namePart type="family">Elzinga</namePart>
    <affiliation>University of Virginia</affiliation>
    <computing_id>kge8z</computing_id>
    <description>Department of Economics</description>
    <role>
      <roleTerm authority="marcrelator" type="text">Author</roleTerm>
    </role>
  </name>
  <name type="personal">
    <namePart type="family">Mills</namePart>
    <namePart type="given">David</namePart>
    <affiliation>University of Virginia</affiliation>
    <computing_id>dem9j</computing_id>
    <description>Department of Economics</description>
    <role>
      <roleTerm type="text">Author</roleTerm>
    </role>
  </name>
  <typeOfResource></typeOfResource>
  <genre authority="marcgt"></genre>
  <language>
    <languageTerm authority="iso639-2b" type="code"></languageTerm>
  </language>
  <abstract>Spirit Airlines is a regional airline carrying passengers to and from a small number of cities in the United States. Northwest Airlines is a major airline carrying millions of passengers each year all around the world. Almost everyone reading this chapter has heard of Northwest Airlines: most readers will never have heard of Spirit Airlines: such is the disparity in size and reputation between the two firms.</abstract>
  <subject>
    <topic>predatory pricing</topic>
  </subject>
  <relatedItem type="host">
    <titleInfo>
      <title></title>
    </titleInfo>
    <identifier type="issn"></identifier>
    <originInfo>
      <publisher></publisher>
      <dateIssued></dateIssued>
      <issuance></issuance>
    </originInfo>
    <part>
      <detail type="volume">
        <number></number>
      </detail>
      <detail type="number">
        <number></number>
      </detail>
      <extent unit="pages">
        <start></start>
        <end></end>
      </extent>
      <date>2005</date>
    </part>
  </relatedItem>
  <location>
    <url></url>
  </location>
</mods>
</foxml:xmlContent>
</foxml:datastreamVersion>
<foxml:datastreamVersion ID="descMetadata.11" LABEL="" CREATED="2011-01-25T20:08:30.713Z" MIMETYPE="text/xml" SIZE="2395">
<foxml:xmlContent>
<mods xmlns="http://www.loc.gov/mods/v3" xmlns:xlink="http://www.w3.org/1999/xlink" xmlns:xsi="http://www.w3.org/2001/XMLSchema-instance" version="3.3" xsi:schemaLocation="http://www.loc.gov/mods/v3 http://www.loc.gov/standards/mods/v3/mods-3-3.xsd">
  <titleInfo lang="">
    <title>Predatory Pricing in the Airline Industry: Spirit Airlines v. Northwest Airlines</title>
  </titleInfo>
  <name type="personal">
    <namePart type="given">Kenneth</namePart>
    <namePart type="family">Elzinga</namePart>
    <affiliation>University of Virginia</affiliation>
    <computing_id>kge8z</computing_id>
    <description>Department of Economics</description>
    <role>
      <roleTerm authority="marcrelator" type="text">Author</roleTerm>
    </role>
  </name>
  <name type="personal">
    <namePart type="family">Mills</namePart>
    <namePart type="given">David</namePart>
    <affiliation>University of Virginia</affiliation>
    <computing_id>dem9j</computing_id>
    <description>Department of Economics</description>
    <role>
      <roleTerm type="text">Author</roleTerm>
    </role>
  </name>
  <typeOfResource></typeOfResource>
  <genre authority="marcgt"></genre>
  <language>
    <languageTerm authority="iso639-2b" type="code"></languageTerm>
  </language>
  <abstract>Spirit Airlines is a regional airline carrying passengers to and from a small number of cities in the United States. Northwest Airlines is a major airline carrying millions of passengers each year all around the world. Almost everyone reading this chapter has heard of Northwest Airlines: most readers will never have heard of Spirit Airlines: such is the disparity in size and reputation between the two firms.</abstract>
  <subject>
    <topic>predatory pricing</topic>
    <topic>airline industry</topic>
  </subject>
  <relatedItem type="host">
    <titleInfo>
      <title></title>
    </titleInfo>
    <identifier type="issn"></identifier>
    <originInfo>
      <publisher></publisher>
      <dateIssued></dateIssued>
      <issuance></issuance>
    </originInfo>
    <part>
      <detail type="volume">
        <number></number>
      </detail>
      <detail type="number">
        <number></number>
      </detail>
      <extent unit="pages">
        <start></start>
        <end></end>
      </extent>
      <date>2005</date>
    </part>
  </relatedItem>
  <location>
    <url></url>
  </location>
</mods>
</foxml:xmlContent>
</foxml:datastreamVersion>
</foxml:datastream>
<foxml:datastream ID="RELS-EXT" STATE="A" CONTROL_GROUP="X" VERSIONABLE="true">
<foxml:datastreamVersion ID="RELS-EXT.0" LABEL="" CREATED="2011-01-25T19:58:25.353Z" MIMETYPE="text/xml" SIZE="280">
<foxml:xmlContent>
<rdf:RDF xmlns:rdf="http://www.w3.org/1999/02/22-rdf-syntax-ns#">
  <rdf:Description rdf:about="info:fedora/libra-oa:5">
    <hasModel xmlns="info:fedora/fedora-system:def/model#" rdf:resource="info:fedora/afmodel:HydrangeaArticle"></hasModel>
  </rdf:Description>
</rdf:RDF>
</foxml:xmlContent>
</foxml:datastreamVersion>
</foxml:datastream>
<foxml:datastream ID="rightsMetadata" STATE="A" CONTROL_GROUP="X" VERSIONABLE="true">
<foxml:datastreamVersion ID="rightsMetadata.0" LABEL="" CREATED="2011-01-25T19:58:25.421Z" MIMETYPE="text/xml" SIZE="578">
<foxml:xmlContent>
<rightsMetadata xmlns="http://hydra-collab.stanford.edu/schemas/rightsMetadata/v1" version="0.1">
  <copyright>
    <human></human>
    <machine>
      <uvalicense>no</uvalicense>
    </machine>
  </copyright>
  <access type="discover">
    <human></human>
    <machine></machine>
  </access>
  <access type="read">
    <human></human>
    <machine></machine>
  </access>
  <access type="edit">
    <human></human>
    <machine>
      <person>archivist1</person>
    </machine>
  </access>
  <embargo>
    <human></human>
    <machine></machine>
  </embargo>
</rightsMetadata>
</foxml:xmlContent>
</foxml:datastreamVersion>
<foxml:datastreamVersion ID="rightsMetadata.1" LABEL="" CREATED="2011-01-25T20:03:18.667Z" MIMETYPE="text/xml" SIZE="579">
<foxml:xmlContent>
<rightsMetadata xmlns="http://hydra-collab.stanford.edu/schemas/rightsMetadata/v1" version="0.1">
  <copyright>
    <human></human>
    <machine>
      <uvalicense>yes</uvalicense>
    </machine>
  </copyright>
  <access type="discover">
    <human></human>
    <machine></machine>
  </access>
  <access type="read">
    <human></human>
    <machine></machine>
  </access>
  <access type="edit">
    <human></human>
    <machine>
      <person>archivist1</person>
    </machine>
  </access>
  <embargo>
    <human></human>
    <machine></machine>
  </embargo>
</rightsMetadata>
</foxml:xmlContent>
</foxml:datastreamVersion>
</foxml:datastream>
<foxml:datastream ID="properties" STATE="A" CONTROL_GROUP="X" VERSIONABLE="true">
<foxml:datastreamVersion ID="properties.0" LABEL="" CREATED="2011-01-25T19:58:25.510Z" MIMETYPE="text/xml" SIZE="101">
<foxml:xmlContent>
<fields>
  <depositor>archivist1</depositor>
  <collection>hydrangea_article</collection>
</fields>
</foxml:xmlContent>
</foxml:datastreamVersion>
<foxml:datastreamVersion ID="properties.1" LABEL="" CREATED="2011-01-25T20:08:50.516Z" MIMETYPE="text/xml" SIZE="163">
<foxml:xmlContent>
<fields>
  <released>true</released>
  <depositor>archivist1</depositor>
  <collection>hydrangea_article</collection>
  <release_to>public</release_to>
</fields>
</foxml:xmlContent>
</foxml:datastreamVersion>
</foxml:datastream>
</foxml:digitalObject>
